-- phpMyAdmin SQL Dump
-- version 5.2.0
-- https://www.phpmyadmin.net/
--
-- Hôte : 127.0.0.1
-- Généré le : sam. 29 avr. 2023 à 23:59
-- Version du serveur : 10.4.27-MariaDB
-- Version de PHP : 8.2.0

SET SQL_MODE = "NO_AUTO_VALUE_ON_ZERO";
START TRANSACTION;
SET time_zone = "+00:00";


/*!40101 SET @OLD_CHARACTER_SET_CLIENT=@@CHARACTER_SET_CLIENT */;
/*!40101 SET @OLD_CHARACTER_SET_RESULTS=@@CHARACTER_SET_RESULTS */;
/*!40101 SET @OLD_COLLATION_CONNECTION=@@COLLATION_CONNECTION */;
/*!40101 SET NAMES utf8mb4 */;

--
-- Base de données : `ecf`
--

-- --------------------------------------------------------

--
-- Structure de la table `comments`
--

CREATE TABLE `comments` (
  `id` int(11) NOT NULL,
  `name` varchar(255) NOT NULL,
  `email` varchar(255) NOT NULL,
  `body` text NOT NULL,
  `created_At` datetime DEFAULT NULL,
  `postId` int(11) NOT NULL
) ENGINE=InnoDB DEFAULT CHARSET=utf8mb4 COLLATE=utf8mb4_general_ci;



CREATE TABLE IF NOT EXISTS `user` (
  `id` int(11) NOT NULL,
  `name` varchar(255) NOT NULL,
  `username` varchar(255) NOT NULL,
  `email` varchar(255) NOT NULL,
  `password_hash` varchar(255) NOT NULL,
  `role` varchar(10) NOT NULL DEFAULT 'user',
  `created_at` datetime DEFAULT NULL,
  `updated_at` datetime DEFAULT NULL
) ENGINE=InnoDB DEFAULT CHARSET=utf8mb4 COLLATE=utf8mb4_general_ci;

--
-- Déchargement des données de la table `user`
--

INSERT IGNORE INTO `user` (`id`, `name`, `username`, `email`, `password_hash`, `role`, `created_at`, `updated_at`) VALUES
(1, 'Jhon Doe', 'jhon', 'bilelzara@gmail.com', '$2y$10$ZV0DcWPRnJ.7wCxbF3uRuu98FaGP/s10itB9HGqO.d.0.o2Bwu6jG', 'admin', NULL, NULL),
(2, 'Ervin Howell', 'Antonette', 'Shanna@melissa.tv', '$2y$10$lGOHQIVPXoM7h6dMJdynqO7.qfFLtLXaFjeAR/RZ5X.tzepzlnrIO', 'user', NULL, NULL),
(3, 'Clementine Bauch', 'Samantha', 'Nathan@yesenia.net', '$2y$10$P2566T/xFViID8InF9AqseQCPFh46G7FHb438YqCRYrnUGuggPJ9q', 'user', NULL, NULL),
(4, 'Patricia Lebsack', 'Karianne', 'Julianne.OConner@kory.org', '$2y$10$6xQfxzdXwFd6oFE.y10KGeiYwqMGZboBz0ktWlSugS3bxDJyxlaia', 'user', NULL, NULL),
(5, 'Chelsey Dietrich', 'Kamren', 'Lucio_Hettinger@annie.ca', '$2y$10$PBjFLQKlR811I0zN9zjmNuhyXuWPYkXCVjOp3xuYlEjatt6lq6Ye.', 'user', NULL, NULL),
(6, 'Mrs. Dennis Schulist', 'Leopoldo_Corkery', 'Karley_Dach@jasper.info', '$2y$10$QMtDbxHE.A1geLTnWr08Fe1FWtYrQrX5wqQZkIVmRdO/9lE/Xmemm', 'user', NULL, NULL),
(7, 'Kurtis Weissnat', 'Elwyn.Skiles', 'Telly.Hoeger@billy.biz', '$2y$10$k1r223tnU18mJtJHJ1IFFutTkHlwvoXiUohs.QvipWh95RQvTSJBa', 'user', NULL, NULL),
(8, 'Nicholas Runolfsdottir V', 'Maxime_Nienow', 'Sherwood@rosamond.me', '$2y$10$YiIDGZWiSAJEAvd.dHpAP.RsejaHobG9uGY3pMB5JLH.uR6.3RB5O', 'user', NULL, NULL),
(9, 'Glenna Reichert', 'Delphine', 'Chaim_McDermott@dana.io', '$2y$10$8yfviMoR9dWtNJlT7VkpLO9SHKHoKJMVji1iJnLNtg9Gk9TtdKtle', 'user', NULL, NULL),
(10, 'Clementina DuBuque', 'Moriah.Stanton', 'Rey.Padberg@karina.biz', '$2y$10$fbGJLyCP0ShliB7g./6LQeTJsv1Dn3/4RGRWCOVMKjALP4k4YC.iu', 'user', NULL, NULL);




CREATE TABLE `posts` (
  `id` int(11) NOT NULL,
  `title` varchar(255) NOT NULL,
  `body` text NOT NULL,
  `created_at` datetime NOT NULL DEFAULT current_timestamp(),
  `userId` int(11) NOT NULL,
  `updated_at` datetime DEFAULT NULL
) ENGINE=InnoDB DEFAULT CHARSET=utf8mb4 COLLATE=utf8mb4_general_ci;



-- Index pour les tables déchargées
--

--
-- Index pour la table `comments`
--
ALTER TABLE `comments`
  ADD PRIMARY KEY (`id`),
  ADD KEY `postId` (`postId`);

--
-- Index pour la table `posts`
--
ALTER TABLE `posts`
  ADD PRIMARY KEY (`id`),
  ADD KEY `userId` (`userId`);

--
-- Index pour la table `user`
--
ALTER TABLE `user`
  ADD PRIMARY KEY (`id`);

--
-- AUTO_INCREMENT pour les tables déchargées
--

--
-- AUTO_INCREMENT pour la table `comments`
--
ALTER TABLE `comments`
  MODIFY `id` int(11) NOT NULL AUTO_INCREMENT, AUTO_INCREMENT=189;

--
-- AUTO_INCREMENT pour la table `posts`
--
ALTER TABLE `posts`
  MODIFY `id` int(11) NOT NULL AUTO_INCREMENT, AUTO_INCREMENT=104;

--
-- AUTO_INCREMENT pour la table `user`
--
ALTER TABLE `user`
  MODIFY `id` int(11) NOT NULL AUTO_INCREMENT, AUTO_INCREMENT=11;

--
-- Contraintes pour les tables déchargées
--

--
-- Contraintes pour la table `comments`
--
ALTER TABLE `comments`
  ADD CONSTRAINT `comments_ibfk_1` FOREIGN KEY (`postId`) REFERENCES `posts` (`id`);

--
-- Contraintes pour la table `posts`
--
ALTER TABLE `posts`
  ADD CONSTRAINT `posts_ibfk_1` FOREIGN KEY (`userId`) REFERENCES `user` (`id`);
COMMIT;

/*!40101 SET CHARACTER_SET_CLIENT=@OLD_CHARACTER_SET_CLIENT */;
/*!40101 SET CHARACTER_SET_RESULTS=@OLD_CHARACTER_SET_RESULTS */;
/*!40101 SET COLLATION_CONNECTION=@OLD_COLLATION_CONNECTION */;



--
-- Déchargement des données de la table `comments`
--

ALTER TABLE `user`
ADD COLUMN `created_at` datetime DEFAULT NULL,
ADD COLUMN `updated_at` datetime DEFAULT NULL;

INSERT INTO `comments` (`id`, `name`, `email`, `body`, `created_At`, `postId`) VALUES
(1, 'id labore ex et quam laborum', 'Eliseo@gardner.biz', 'laudantium enim quasi est quidem magnam voluptate ipsam eos\ntempora quo necessitatibus\ndolor quam autem quasi\nreiciendis et nam sapiente accusantium', '2023-04-24 13:40:39', 1),
(2, 'quo vero reiciendis velit similique earum', 'Jayne_Kuhic@sydney.com', 'est natus enim nihil est dolore omnis voluptatem numquam\net omnis occaecati quod ullam at\nvoluptatem error expedita pariatur\nnihil sint nostrum voluptatem reiciendis et', '2023-04-24 13:40:39', 1),
(3, 'odio adipisci rerum aut animi', 'Nikita@garfield.biz', 'quia molestiae reprehenderit quasi aspernatur\naut expedita occaecati aliquam eveniet laudantium\nomnis quibusdam delectus saepe quia accusamus maiores nam est\ncum et ducimus et vero voluptates excepturi deleniti ratione', '2023-04-24 13:40:39', 1),
(4, 'alias odio sit', 'Lew@alysha.tv', 'non et atque\noccaecati deserunt quas accusantium unde odit nobis qui voluptatem\nquia voluptas consequuntur itaque dolor\net qui rerum deleniti ut occaecati', '2023-04-24 13:40:39', 1),
(5, 'vero eaque aliquid doloribus et culpa', 'Hayden@althea.biz', 'harum non quasi et ratione\ntempore iure ex voluptates in ratione\nharum architecto fugit inventore cupiditate\nvoluptates magni quo et', '2023-04-24 13:40:39', 1),
(6, 'et fugit eligendi deleniti quidem qui sint nihil autem', 'Presley.Mueller@myrl.com', 'doloribus at sed quis culpa deserunt consectetur qui praesentium\naccusamus fugiat dicta\nvoluptatem rerum ut voluptate autem\nvoluptatem repellendus aspernatur dolorem in', '2023-04-24 13:40:39', 2),
(7, 'repellat consequatur praesentium vel minus molestias voluptatum', 'Dallas@ole.me', 'maiores sed dolores similique labore et inventore et\nquasi temporibus esse sunt id et\neos voluptatem aliquam\naliquid ratione corporis molestiae mollitia quia et magnam dolor', '2023-04-24 13:40:39', 2),
(8, 'et omnis dolorem', 'Mallory_Kunze@marie.org', 'ut voluptatem corrupti velit\nad voluptatem maiores\net nisi velit vero accusamus maiores\nvoluptates quia aliquid ullam eaque', '2023-04-24 13:40:39', 2),
(9, 'provident id voluptas', 'Meghan_Littel@rene.us', 'sapiente assumenda molestiae atque\nadipisci laborum distinctio aperiam et ab ut omnis\net occaecati aspernatur odit sit rem expedita\nquas enim ipsam minus', '2023-04-24 13:40:39', 2),
(10, 'eaque et deleniti atque tenetur ut quo ut', 'Carmen_Keeling@caroline.name', 'voluptate iusto quis nobis reprehenderit ipsum amet nulla\nquia quas dolores velit et non\naut quia necessitatibus\nnostrum quaerat nulla et accusamus nisi facilis', '2023-04-24 13:40:39', 2),
(11, 'fugit labore quia mollitia quas deserunt nostrum sunt', 'Veronica_Goodwin@timmothy.net', 'ut dolorum nostrum id quia aut est\nfuga est inventore vel eligendi explicabo quis consectetur\naut occaecati repellat id natus quo est\nut blanditiis quia ut vel ut maiores ea', '2023-04-24 13:40:39', 3),
(12, 'modi ut eos dolores illum nam dolor', 'Oswald.Vandervort@leanne.org', 'expedita maiores dignissimos facilis\nipsum est rem est fugit velit sequi\neum odio dolores dolor totam\noccaecati ratione eius rem velit', '2023-04-24 13:40:39', 3),
(13, 'aut inventore non pariatur sit vitae voluptatem sapiente', 'Kariane@jadyn.tv', 'fuga eos qui dolor rerum\ninventore corporis exercitationem\ncorporis cupiditate et deserunt recusandae est sed quis culpa\neum maiores corporis et', '2023-04-24 13:40:39', 3),
(14, 'et officiis id praesentium hic aut ipsa dolorem repudiandae', 'Nathan@solon.io', 'vel quae voluptas qui exercitationem\nvoluptatibus unde sed\nminima et qui ipsam aspernatur\nexpedita magnam laudantium et et quaerat ut qui dolorum', '2023-04-24 13:40:39', 3),
(15, 'debitis magnam hic odit aut ullam nostrum tenetur', 'Maynard.Hodkiewicz@roberta.com', 'nihil ut voluptates blanditiis autem odio dicta rerum\nquisquam saepe et est\nsunt quasi nemo laudantium deserunt\nmolestias tempora quo quia', '2023-04-24 13:40:40', 3),
(16, 'perferendis temporibus delectus optio ea eum ratione dolorum', 'Christine@ayana.info', 'iste ut laborum aliquid velit facere itaque\nquo ut soluta dicta voluptate\nerror tempore aut et\nsequi reiciendis dignissimos expedita consequuntur libero sed fugiat facilis', '2023-04-24 13:40:40', 4),
(17, 'eos est animi quis', 'Preston_Hudson@blaise.tv', 'consequatur necessitatibus totam sed sit dolorum\nrecusandae quae odio excepturi voluptatum harum voluptas\nquisquam sit ad eveniet delectus\ndoloribus odio qui non labore', '2023-04-24 13:40:40', 4),
(18, 'aut et tenetur ducimus illum aut nulla ab', 'Vincenza_Klocko@albertha.name', 'veritatis voluptates necessitatibus maiores corrupti\nneque et exercitationem amet sit et\nullam velit sit magnam laborum\nmagni ut molestias', '2023-04-24 13:40:40', 4),
(19, 'sed impedit rerum quia et et inventore unde officiis', 'Madelynn.Gorczany@darion.biz', 'doloribus est illo sed minima aperiam\nut dignissimos accusantium tempore atque et aut molestiae\nmagni ut accusamus voluptatem quos ut voluptates\nquisquam porro sed architecto ut', '2023-04-24 13:40:40', 4),
(20, 'molestias expedita iste aliquid voluptates', 'Mariana_Orn@preston.org', 'qui harum consequatur fugiat\net eligendi perferendis at molestiae commodi ducimus\ndoloremque asperiores numquam qui\nut sit dignissimos reprehenderit tempore', '2023-04-24 13:40:40', 4),
(21, 'aliquid rerum mollitia qui a consectetur eum sed', 'Noemie@marques.me', 'deleniti aut sed molestias explicabo\ncommodi odio ratione nesciunt\nvoluptate doloremque est\nnam autem error delectus', '2023-04-24 13:40:40', 5),
(22, 'porro repellendus aut tempore quis hic', 'Khalil@emile.co.uk', 'qui ipsa animi nostrum praesentium voluptatibus odit\nqui non impedit cum qui nostrum aliquid fuga explicabo\nvoluptatem fugit earum voluptas exercitationem temporibus dignissimos distinctio\nesse inventore reprehenderit quidem ut incidunt nihil necessitatibus rerum', '2023-04-24 13:40:40', 5),
(23, 'quis tempora quidem nihil iste', 'Sophia@arianna.co.uk', 'voluptates provident repellendus iusto perspiciatis ex fugiat ut\nut dolor nam aliquid et expedita voluptate\nsunt vitae illo rerum in quos\nvel eligendi enim quae fugiat est', '2023-04-24 13:40:40', 5),
(24, 'in tempore eos beatae est', 'Jeffery@juwan.us', 'repudiandae repellat quia\nsequi est dolore explicabo nihil et\net sit et\net praesentium iste atque asperiores tenetur', '2023-04-24 13:40:40', 5),
(25, 'autem ab ea sit alias hic provident sit', 'Isaias_Kuhic@jarrett.net', 'sunt aut quae laboriosam sit ut impedit\nadipisci harum laborum totam deleniti voluptas odit rem ea\nnon iure distinctio ut velit doloribus\net non ex', '2023-04-24 13:40:40', 5),
(26, 'in deleniti sunt provident soluta ratione veniam quam praesentium', 'Russel.Parker@kameron.io', 'incidunt sapiente eaque dolor eos\nad est molestias\nquas sit et nihil exercitationem at cumque ullam\nnihil magnam et', '2023-04-24 13:40:40', 6),
(27, 'doloribus quibusdam molestiae amet illum', 'Francesco.Gleason@nella.us', 'nisi vel quas ut laborum ratione\nrerum magni eum\nunde et voluptatem saepe\nvoluptas corporis modi amet ipsam eos saepe porro', '2023-04-24 13:40:40', 6),
(28, 'quo voluptates voluptas nisi veritatis dignissimos dolores ut officiis', 'Ronny@rosina.org', 'voluptatem repellendus quo alias at laudantium\nmollitia quidem esse\ntemporibus consequuntur vitae rerum illum\nid corporis sit id', '2023-04-24 13:40:40', 6),
(29, 'eum distinctio amet dolor', 'Jennings_Pouros@erica.biz', 'tempora voluptatem est\nmagnam distinctio autem est dolorem\net ipsa molestiae odit rerum itaque corporis nihil nam\neaque rerum error', '2023-04-24 13:40:40', 6),
(30, 'quasi nulla ducimus facilis non voluptas aut', 'Lurline@marvin.biz', 'consequuntur quia voluptate assumenda et\nautem voluptatem reiciendis ipsum animi est provident\nearum aperiam sapiente ad vitae iste\naccusantium aperiam eius qui dolore voluptatem et', '2023-04-24 13:40:40', 6),
(31, 'ex velit ut cum eius odio ad placeat', 'Buford@shaylee.biz', 'quia incidunt ut\naliquid est ut rerum deleniti iure est\nipsum quia ea sint et\nvoluptatem quaerat eaque repudiandae eveniet aut', '2023-04-24 13:40:40', 7),
(32, 'dolorem architecto ut pariatur quae qui suscipit', 'Maria@laurel.name', 'nihil ea itaque libero illo\nofficiis quo quo dicta inventore consequatur voluptas voluptatem\ncorporis sed necessitatibus velit tempore\nrerum velit et temporibus', '2023-04-24 13:40:40', 7),
(33, 'voluptatum totam vel voluptate omnis', 'Jaeden.Towne@arlene.tv', 'fugit harum quae vero\nlibero unde tempore\nsoluta eaque culpa sequi quibusdam nulla id\net et necessitatibus', '2023-04-24 13:40:40', 7),
(34, 'omnis nemo sunt ab autem', 'Ethelyn.Schneider@emelia.co.uk', 'omnis temporibus quasi ab omnis\nfacilis et omnis illum quae quasi aut\nminus iure ex rem ut reprehenderit\nin non fugit', '2023-04-24 13:40:40', 7),
(35, 'repellendus sapiente omnis praesentium aliquam ipsum id molestiae omnis', 'Georgianna@florence.io', 'dolor mollitia quidem facere et\nvel est ut\nut repudiandae est quidem dolorem sed atque\nrem quia aut adipisci sunt', '2023-04-24 13:40:40', 7),
(36, 'sit et quis', 'Raheem_Heaney@gretchen.biz', 'aut vero est\ndolor non aut excepturi dignissimos illo nisi aut quas\naut magni quia nostrum provident magnam quas modi maxime\nvoluptatem et molestiae', '2023-04-24 13:40:40', 8),
(37, 'beatae veniam nemo rerum voluptate quam aspernatur', 'Jacky@victoria.net', 'qui rem amet aut\ncumque maiores earum ut quia sit nam esse qui\niusto aspernatur quis voluptas\ndolorem distinctio ex temporibus rem', '2023-04-24 13:40:40', 8),
(38, 'maiores dolores expedita', 'Piper@linwood.us', 'unde voluptatem qui dicta\nvel ad aut eos error consequatur voluptatem\nadipisci doloribus qui est sit aut\nvelit aut et ea ratione eveniet iure fuga', '2023-04-24 13:40:40', 8),
(39, 'necessitatibus ratione aut ut delectus quae ut', 'Gaylord@russell.net', 'atque consequatur dolorem sunt\nadipisci autem et\nvoluptatibus et quae necessitatibus rerum eaque aperiam nostrum nemo\neligendi sed et beatae et inventore', '2023-04-24 13:40:40', 8),
(40, 'non minima omnis deleniti pariatur facere quibusdam at', 'Clare.Aufderhar@nicole.ca', 'quod minus alias quos\nperferendis labore molestias quae ut ut corporis deserunt vitae\net quaerat ut et ullam unde asperiores\ncum voluptatem cumque', '2023-04-24 13:40:40', 8),
(41, 'voluptas deleniti ut', 'Lucio@gladys.tv', 'facere repudiandae vitae ea aut sed quo ut et\nfacere nihil ut voluptates in\nsaepe cupiditate accusantium numquam dolores\ninventore sint mollitia provident', '2023-04-24 13:40:40', 9),
(42, 'nam qui et', 'Shemar@ewell.name', 'aut culpa quaerat veritatis eos debitis\naut repellat eius explicabo et\nofficiis quo sint at magni ratione et iure\nincidunt quo sequi quia dolorum beatae qui', '2023-04-24 13:40:40', 9),
(43, 'molestias sint est voluptatem modi', 'Jackeline@eva.tv', 'voluptatem ut possimus laborum quae ut commodi delectus\nin et consequatur\nin voluptas beatae molestiae\nest rerum laborum et et velit sint ipsum dolorem', '2023-04-24 13:40:40', 9),
(44, 'hic molestiae et fuga ea maxime quod', 'Marianna_Wilkinson@rupert.io', 'qui sunt commodi\nsint vel optio vitae quis qui non distinctio\nid quasi modi dicta\neos nihil sit inventore est numquam officiis', '2023-04-24 13:40:40', 9),
(45, 'autem illo facilis', 'Marcia@name.biz', 'ipsum odio harum voluptatem sunt cumque et dolores\nnihil laboriosam neque commodi qui est\nquos numquam voluptatum\ncorporis quo in vitae similique cumque tempore', '2023-04-24 13:40:40', 9),
(46, 'dignissimos et deleniti voluptate et quod', 'Jeremy.Harann@waino.me', 'exercitationem et id quae cum omnis\nvoluptatibus accusantium et quidem\nut ipsam sint\ndoloremque illo ex atque necessitatibus sed', '2023-04-24 13:40:40', 10),
(47, 'rerum commodi est non dolor nesciunt ut', 'Pearlie.Kling@sandy.com', 'occaecati laudantium ratione non cumque\nearum quod non enim soluta nisi velit similique voluptatibus\nesse laudantium consequatur voluptatem rem eaque voluptatem aut ut\net sit quam', '2023-04-24 13:40:40', 10),
(48, 'consequatur animi dolorem saepe repellendus ut quo aut tenetur', 'Manuela_Stehr@chelsie.tv', 'illum et alias quidem magni voluptatum\nab soluta ea qui saepe corrupti hic et\ncum repellat esse\nest sint vel veritatis officia consequuntur cum', '2023-04-24 13:40:40', 10),
(49, 'rerum placeat quae minus iusto eligendi', 'Camryn.Weimann@doris.io', 'id est iure occaecati quam similique enim\nab repudiandae non\nillum expedita quam excepturi soluta qui placeat\nperspiciatis optio maiores non doloremque aut iusto sapiente', '2023-04-24 13:40:40', 10),
(50, 'dolorum soluta quidem ex quae occaecati dicta aut doloribus', 'Kiana_Predovic@yasmin.io', 'eum accusamus aut delectus\narchitecto blanditiis quia sunt\nrerum harum sit quos quia aspernatur vel corrupti inventore\nanimi dicta vel corporis', '2023-04-24 13:40:40', 10),
(51, 'molestias et odio ut commodi omnis ex', 'Laurie@lincoln.us', 'perferendis omnis esse\nvoluptate sit mollitia sed perferendis\nnemo nostrum qui\nvel quis nisi doloribus animi odio id quas', '2023-04-24 13:40:40', 11),
(52, 'esse autem dolorum', 'Abigail.OConnell@june.org', 'et enim voluptatem totam laudantium\nimpedit nam labore repellendus enim earum aut\nconsectetur mollitia fugit qui repellat expedita sunt\naut fugiat vel illo quos aspernatur ducimus', '2023-04-24 13:40:40', 11),
(53, 'maiores alias necessitatibus aut non', 'Laverne_Price@scotty.info', 'a at tempore\nmolestiae odit qui dolores molestias dolorem et\nlaboriosam repudiandae placeat quisquam\nautem aperiam consectetur maiores laboriosam nostrum', '2023-04-24 13:40:41', 11),
(54, 'culpa eius tempora sit consequatur neque iure deserunt', 'Kenton_Vandervort@friedrich.com', 'et ipsa rem ullam cum pariatur similique quia\ncum ipsam est sed aut inventore\nprovident sequi commodi enim inventore assumenda aut aut\ntempora possimus soluta quia consequatur modi illo', '2023-04-24 13:40:41', 11),
(55, 'quas pariatur quia a doloribus', 'Hayden_Olson@marianna.me', 'perferendis eaque labore laudantium ut molestiae soluta et\nvero odio non corrupti error pariatur consectetur et\nenim nam quia voluptatum non\nmollitia culpa facere voluptas suscipit veniam', '2023-04-24 13:40:41', 11),
(56, 'et dolorem corrupti sed molestias', 'Vince_Crist@heidi.biz', 'cum esse odio nihil reiciendis illum quaerat\nest facere quia\noccaecati sit totam fugiat in beatae\nut occaecati unde vitae nihil quidem consequatur', '2023-04-24 13:40:41', 12),
(57, 'qui quidem sed', 'Darron.Nikolaus@eulah.me', 'dolorem facere itaque fuga odit autem\nperferendis quisquam quis corrupti eius dicta\nrepudiandae error esse itaque aut\ncorrupti sint consequatur aliquid', '2023-04-24 13:40:41', 12),
(58, 'sint minus reiciendis qui perspiciatis id', 'Ezra_Abshire@lyda.us', 'veritatis qui nihil\nquia reprehenderit non ullam ea iusto\nconsectetur nam voluptas ut temporibus tempore provident error\neos et nisi et voluptate', '2023-04-24 13:40:41', 12),
(59, 'quis ducimus distinctio similique et illum minima ab libero', 'Jameson@tony.info', 'cumque molestiae officia aut fugiat nemo autem\nvero alias atque sed qui ratione quia\nrepellat vel earum\nea laudantium mollitia', '2023-04-24 13:40:41', 12),
(60, 'expedita libero quos cum commodi ad', 'Americo@estrella.net', 'error eum quia voluptates alias repudiandae\naccusantium veritatis maiores assumenda\nquod impedit animi tempore veritatis\nanimi et et officiis labore impedit blanditiis repudiandae', '2023-04-24 13:40:41', 12),
(61, 'quidem itaque dolores quod laborum aliquid molestiae', 'Aurelio.Pfeffer@griffin.ca', 'deserunt cumque laudantium\net et odit quia sint quia quidem\nquibusdam debitis fuga in tempora deleniti\nimpedit consequatur veniam reiciendis autem porro minima', '2023-04-24 13:40:41', 13),
(62, 'libero beatae consequuntur optio est hic', 'Vesta_Crooks@dora.us', 'tempore dolorum corrupti facilis\npraesentium sunt iste recusandae\nunde quisquam similique\nalias consequuntur voluptates velit', '2023-04-24 13:40:41', 13),
(63, 'occaecati dolor accusantium et quasi architecto aut eveniet fugiat', 'Margarett_Klein@mike.biz', 'aut eligendi et molestiae voluptatum tempora\nofficia nihil sit voluptatem aut deleniti\nquaerat consequatur eaque\nsapiente tempore commodi tenetur rerum qui quo', '2023-04-24 13:40:41', 13),
(64, 'consequatur aut ullam voluptas dolorum voluptatum sequi et', 'Freida@brandt.tv', 'sed illum quis\nut aut culpa labore aspernatur illo\ndolorem quia vitae ut aut quo repellendus est omnis\nesse at est debitis', '2023-04-24 13:40:41', 13),
(65, 'earum ea ratione numquam', 'Mollie@agustina.name', 'qui debitis vitae ratione\ntempora impedit aperiam porro molestiae placeat vero laboriosam recusandae\npraesentium consequatur facere et itaque quidem eveniet\nmagnam natus distinctio sapiente', '2023-04-24 13:40:41', 13),
(66, 'eius nam consequuntur', 'Janice@alda.io', 'necessitatibus libero occaecati\nvero inventore iste assumenda veritatis\nasperiores non sit et quia omnis facere nemo explicabo\nodit quo nobis porro', '2023-04-24 13:40:41', 14),
(67, 'omnis consequatur natus distinctio', 'Dashawn@garry.com', 'nulla quo itaque beatae ad\nofficiis animi aut exercitationem voluptatum dolorem doloremque ducimus in\nrecusandae officia consequuntur quas\naspernatur dolores est esse dolores sit illo laboriosam quaerat', '2023-04-24 13:40:41', 14),
(68, 'architecto ut deserunt consequatur cumque sapiente', 'Devan.Nader@ettie.me', 'sed magni accusantium numquam quidem omnis et voluptatem beatae\nquos fugit libero\nvel ipsa et nihil recusandae ea\niste nemo qui optio sit enim ut nostrum odit', '2023-04-24 13:40:41', 14),
(69, 'at aut ea iure accusantium voluptatum nihil ipsum', 'Joana.Schoen@leora.co.uk', 'omnis dolor autem qui est natus\nautem animi nemo voluptatum aut natus accusantium iure\ninventore sunt ea tenetur commodi suscipit facere architecto consequatur\ndolorem nihil veritatis consequuntur corporis', '2023-04-24 13:40:41', 14),
(70, 'eum magni accusantium labore aut cum et tenetur', 'Minerva.Anderson@devonte.ca', 'omnis aliquam praesentium ad voluptatem harum aperiam dolor autem\nhic asperiores quisquam ipsa necessitatibus suscipit\npraesentium rem deserunt et\nfacere repellendus aut sed fugit qui est', '2023-04-24 13:40:41', 14),
(71, 'vel pariatur perferendis vero ab aut voluptates labore', 'Lavinia@lafayette.me', 'mollitia magnam et\nipsum consequatur est expedita\naut rem ut ex doloremque est vitae est\ncumque velit recusandae numquam libero dolor fuga fugit a', '2023-04-24 13:40:41', 15),
(72, 'quia sunt dolor dolor suscipit expedita quis', 'Sabrina.Marks@savanah.name', 'quisquam voluptas ut\npariatur eos amet non\nreprehenderit voluptates numquam\nin est voluptatem dicta ipsa qui esse enim', '2023-04-24 13:40:41', 15),
(73, 'ut quia ipsa repellat sunt et sequi aut est', 'Desmond_Graham@kailee.biz', 'nam qui possimus deserunt\ninventore dignissimos nihil rerum ut consequatur vel architecto\ntenetur recusandae voluptate\nnumquam dignissimos aliquid ut reprehenderit voluptatibus', '2023-04-24 13:40:41', 15),
(74, 'ut non illum pariatur dolor', 'Gussie_Kunde@sharon.biz', 'non accusamus eum aut et est\naccusantium animi nesciunt distinctio ea quas quisquam\nsit ut voluptatem modi natus sint\nfacilis est qui molestias recusandae nemo', '2023-04-24 13:40:41', 15),
(75, 'minus laboriosam consequuntur', 'Richard@chelsie.co.uk', 'natus numquam enim asperiores doloremque ullam et\nest molestias doloribus cupiditate labore vitae aut voluptatem\nitaque quos quo consectetur nihil illum veniam\nnostrum voluptatum repudiandae ut', '2023-04-24 13:40:41', 15),
(76, 'porro ut soluta repellendus similique', 'Gage_Turner@halle.name', 'sunt qui consequatur similique recusandae repellendus voluptates eos et\nvero nostrum fugit magnam aliquam\nreprehenderit nobis voluptatem eos consectetur possimus\net perferendis qui ea fugiat sit doloremque', '2023-04-24 13:40:41', 16),
(77, 'dolores et quo omnis voluptates', 'Alfred@sadye.biz', 'eos ullam dolorem impedit labore mollitia\nrerum non dolores\nmolestiae dignissimos qui maxime sed voluptate consequatur\ndoloremque praesentium magnam odio iste quae totam aut', '2023-04-24 13:40:41', 16),
(78, 'voluptas voluptas voluptatibus blanditiis', 'Catharine@jordyn.com', 'qui adipisci eveniet excepturi iusto magni et\nenim ducimus asperiores blanditiis nemo\ncommodi nihil ex\nenim rerum vel nobis nostrum et non', '2023-04-24 13:40:41', 16),
(79, 'beatae ut ad quisquam sed repellendus et', 'Esther_Ratke@shayna.biz', 'et inventore sapiente sed\nsunt similique fugiat officia velit doloremque illo eligendi quas\nsed rerum in quidem perferendis facere molestias\ndolore dolor voluptas nam vel quia', '2023-04-24 13:40:41', 16),
(80, 'et cumque ad culpa ut eligendi non', 'Evangeline@chad.net', 'dignissimos itaque ab et tempore odio omnis voluptatem\nitaque perferendis rem repellendus tenetur nesciunt velit\nqui cupiditate recusandae\nquis debitis dolores aliquam nam', '2023-04-24 13:40:41', 16),
(81, 'aut non consequuntur dignissimos voluptatibus dolorem earum recusandae dolorem', 'Newton.Kertzmann@anjali.io', 'illum et voluptatem quis repellendus quidem repellat\nreprehenderit voluptas consequatur mollitia\npraesentium nisi quo quod et\noccaecati repellendus illo eius harum explicabo doloribus officia', '2023-04-24 13:40:41', 17),
(82, 'ea est non dolorum iste nihil est', 'Caleb_Herzog@rosamond.net', 'officiis dolorem voluptas aliquid eveniet tempora qui\nea temporibus labore accusamus sint\nut sunt necessitatibus voluptatum animi cumque\nat reiciendis voluptatem iure aliquid et qui dolores et', '2023-04-24 13:40:41', 17),
(83, 'nihil qui accusamus ratione et molestias et minus', 'Sage_Mueller@candace.net', 'et consequatur voluptates magnam fugit sunt repellendus nihil earum\nofficiis aut cupiditate\net distinctio laboriosam\nmolestiae sunt dolor explicabo recusandae', '2023-04-24 13:40:41', 17),
(84, 'quia voluptatibus magnam voluptatem optio vel perspiciatis', 'Bernie.Bergnaum@lue.com', 'ratione ut magni voluptas\nexplicabo natus quia consequatur nostrum aut\nomnis enim in qui illum\naut atque laboriosam aliquid blanditiis quisquam et laborum', '2023-04-24 13:40:41', 17),
(85, 'non voluptas cum est quis aut consectetur nam', 'Alexzander_Davis@eduardo.name', 'quisquam incidunt dolores sint qui doloribus provident\nvel cupiditate deleniti alias voluptatem placeat ad\nut dolorem illum unde iure quis libero neque\nea et distinctio id', '2023-04-24 13:40:42', 17),
(86, 'suscipit est sunt vel illum sint', 'Jacquelyn@krista.info', 'eum culpa debitis sint\neaque quia magni laudantium qui neque voluptas\nvoluptatem qui molestiae vel earum est ratione excepturi\nsit aut explicabo et repudiandae ut perspiciatis', '2023-04-24 13:40:42', 18),
(87, 'dolor asperiores autem et omnis quasi nobis', 'Grover_Volkman@coty.tv', 'assumenda corporis architecto repudiandae omnis qui et odit\nperferendis velit enim\net quia reiciendis sint\nquia voluptas quam deserunt facilis harum eligendi', '2023-04-24 13:40:42', 18),
(88, 'officiis aperiam odit sint est non', 'Jovanny@abigale.ca', 'laudantium corrupti atque exercitationem quae enim et veniam dicta\nautem perspiciatis sit dolores\nminima consectetur tenetur iste facere\namet est neque', '2023-04-24 13:40:42', 18),
(89, 'in voluptatum nostrum voluptas iure nisi rerum est placeat', 'Isac_Schmeler@barton.com', 'quibusdam rerum quia nostrum culpa\nculpa est natus impedit quo rem voluptate quos\nrerum culpa aut ut consectetur\nsunt esse laudantium voluptatibus cupiditate rerum', '2023-04-24 13:40:42', 18),
(90, 'eum voluptas dolores molestias odio amet repellendus', 'Sandy.Erdman@sabina.info', 'vitae cupiditate excepturi eum veniam laudantium aspernatur blanditiis\naspernatur quia ut assumenda et magni enim magnam\nin voluptate tempora\nnon qui voluptatem reprehenderit porro qui voluptatibus', '2023-04-24 13:40:42', 18),
(91, 'repellendus est laboriosam voluptas veritatis', 'Alexandro@garry.io', 'qui nisi at maxime deleniti quo\nex quas tenetur nam\ndeleniti aut asperiores deserunt cum ex eaque alias sit\net veniam ab consequatur molestiae', '2023-04-24 13:40:42', 19),
(92, 'repellendus aspernatur occaecati tempore blanditiis deleniti omnis qui distinctio', 'Vickie_Schuster@harley.net', 'nihil necessitatibus omnis asperiores nobis praesentium quia\nab debitis quo deleniti aut sequi commodi\nut perspiciatis quod est magnam aliquam modi\neum quos aliquid ea est', '2023-04-24 13:40:42', 19),
(93, 'mollitia dolor deleniti sed iure laudantium', 'Roma_Doyle@alia.com', 'ut quis et id repellat labore\nnobis itaque quae saepe est ullam aut\ndolor id ut quis\nsunt iure voluptates expedita voluptas doloribus modi saepe autem', '2023-04-24 13:40:42', 19),
(94, 'vero repudiandae voluptatem nobis', 'Tatum_Marks@jaylon.name', 'reiciendis delectus nulla quae voluptas nihil provident quia\nab corporis nesciunt blanditiis quibusdam et unde et\nmagni eligendi aperiam corrupti perspiciatis quasi\nneque iure voluptatibus mollitia', '2023-04-24 13:40:42', 19),
(95, 'voluptatem unde quos provident ad qui sit et excepturi', 'Juston.Ruecker@scot.tv', 'at ut tenetur rem\nut fuga quis ea magnam alias\naut tempore fugiat laboriosam porro quia iure qui\narchitecto est enim', '2023-04-24 13:40:42', 19),
(96, 'non sit ad culpa quis', 'River.Grady@lavada.biz', 'eum itaque quam\nlaboriosam sequi ullam quos nobis\nomnis dignissimos nam dolores\nfacere id suscipit aliquid culpa rerum quis', '2023-04-24 13:40:42', 20),
(97, 'reiciendis culpa omnis suscipit est', 'Claudia@emilia.ca', 'est ducimus voluptate saepe iusto repudiandae recusandae et\nsint fugit voluptas eum itaque\nodit ab eos voluptas molestiae necessitatibus earum possimus voluptatem\nquibusdam aut illo beatae qui delectus aut officia veritatis', '2023-04-24 13:40:42', 20),
(98, 'praesentium dolorem ea voluptate et', 'Torrey@june.tv', 'ex et expedita cum voluptatem\nvoluptatem ab expedita quis nihil\nesse quo nihil perferendis dolores velit ut culpa aut\ndolor maxime necessitatibus voluptatem', '2023-04-24 13:40:42', 20),
(99, 'laudantium delectus nam', 'Hildegard.Aufderhar@howard.com', 'aut quam consequatur sit et\nrepellat maiores laborum similique voluptatem necessitatibus nihil\net debitis nemo occaecati cupiditate\nmodi dolorum quia aut', '2023-04-24 13:40:42', 20),
(100, 'et sint quia dolor et est ea nulla cum', 'Leone_Fay@orrin.com', 'architecto dolorem ab explicabo et provident et\net eos illo omnis mollitia ex aliquam\natque ut ipsum nulla nihil\nquis voluptas aut debitis facilis', '2023-04-24 13:40:42', 20),
(101, 'perspiciatis magnam ut eum autem similique explicabo expedita', 'Lura@rod.tv', 'ut aut maxime officia sed aliquam et magni autem\nveniam repudiandae nostrum odio enim eum optio aut\nomnis illo quasi quibusdam inventore explicabo\nreprehenderit dolor saepe possimus molestiae', '2023-04-24 13:40:42', 21),
(102, 'officia ullam ut neque earum ipsa et fuga', 'Lottie.Zieme@ruben.us', 'aut dolorem quos ut non\naliquam unde iure minima quod ullam qui\nfugiat molestiae tempora voluptate vel labore\nsaepe animi et vitae numquam ipsa', '2023-04-24 13:40:42', 21),
(103, 'ipsum a ut', 'Winona_Price@jevon.me', 'totam eum fugiat repellendus\nquae beatae explicabo excepturi iusto et\nrepellat alias iure voluptates consequatur sequi minus\nsed maxime unde', '2023-04-24 13:40:42', 21),
(104, 'a assumenda totam', 'Gabriel@oceane.biz', 'qui aperiam labore animi magnam odit est\nut autem eaque ea magni quas voluptatem\ndoloribus vel voluptatem nostrum ut debitis enim quaerat\nut esse eveniet aut', '2023-04-24 13:40:42', 21),
(105, 'voluptatem repellat est', 'Adolph.Ondricka@mozell.co.uk', 'ut rerum illum error at inventore ab nobis molestiae\nipsa architecto temporibus non aliquam aspernatur omnis quidem aliquid\nconsequatur non et expedita cumque voluptates ipsam quia\nblanditiis libero itaque sed iusto at', '2023-04-24 13:40:42', 21),
(106, 'maiores placeat facere quam pariatur', 'Allen@richard.biz', 'dolores debitis voluptatem ab hic\nmagnam alias qui est sunt\net porro velit et repellendus occaecati est\nsequi quia odio deleniti illum', '2023-04-24 13:40:42', 22),
(107, 'in ipsam vel id impedit possimus eos voluptate', 'Nicholaus@mikayla.ca', 'eveniet fugit qui\nporro eaque dolores eos adipisci dolores ut\nfugit perferendis pariatur\nnumquam et repellat occaecati atque ipsum neque', '2023-04-24 13:40:42', 22),
(108, 'ut veritatis corporis placeat suscipit consequatur quaerat', 'Kayla@susanna.org', 'at a vel sequi nostrum\nharum nam nihil\ncumque aut in dolore rerum ipsa hic ratione\nrerum cum ratione provident labore ad quisquam repellendus a', '2023-04-24 13:40:42', 22),
(109, 'eveniet ut similique accusantium qui dignissimos', 'Gideon@amina.name', 'aliquid qui dolorem deserunt aperiam natus corporis eligendi neque\nat et sunt aut qui\nillum repellat qui excepturi laborum facilis aut omnis consequatur\net aut optio ipsa nisi enim', '2023-04-24 13:40:42', 22),
(110, 'sint est odit officiis similique aut corrupti quas autem', 'Cassidy@maribel.io', 'cum sequi in eligendi id eaque\ndolores accusamus dolorem eum est voluptatem quisquam tempore\nin voluptas enim voluptatem asperiores voluptatibus\neius quo quos quasi voluptas earum ut necessitatibus', '2023-04-24 13:40:42', 22),
(111, 'possimus facilis deleniti nemo atque voluptate', 'Stefan.Crist@duane.ca', 'ullam autem et\naccusantium quod sequi similique soluta explicabo ipsa\neius ratione quisquam sed et excepturi occaecati pariatur\nmolestiae ut reiciendis eum voluptatem sed', '2023-04-24 13:40:42', 23),
(112, 'dolore aut aspernatur est voluptate quia ipsam', 'Aniyah.Ortiz@monte.me', 'ut tempora deleniti quo molestiae eveniet provident earum occaecati\nest nesciunt ut pariatur ipsa voluptas voluptatem aperiam\nqui deleniti quibusdam voluptas molestiae facilis id iusto similique\ntempora aut qui', '2023-04-24 13:40:42', 23),
(113, 'sint quo debitis deleniti repellat', 'Laverna@rico.biz', 'voluptatem sint quia modi accusantium alias\nrecusandae rerum voluptatem aut sit et ut magnam\nvoluptas rerum odio quo labore voluptatem facere consequuntur\nut sit voluptatum hic distinctio', '2023-04-24 13:40:42', 23),
(114, 'optio et sunt non', 'Derek@hildegard.net', 'nihil labore qui\nquis dolor eveniet iste numquam\nporro velit incidunt\nlaboriosam asperiores aliquam facilis in et voluptas eveniet quasi', '2023-04-24 13:40:42', 23),
(115, 'occaecati dolorem eum in veniam quia quo reiciendis', 'Tyrell@abdullah.ca', 'laudantium tempore aut\nmaiores laborum fugit qui suscipit hic sint officiis corrupti\nofficiis eum optio cumque fuga sed voluptatibus similique\nsit consequuntur rerum commodi', '2023-04-24 13:40:42', 23),
(116, 'veritatis sit tempora quasi fuga aut dolorum', 'Reyes@hailey.name', 'quia voluptas qui assumenda nesciunt harum iusto\nest corrupti aperiam\nut aut unde maxime consequatur eligendi\nveniam modi id sint rem labore saepe minus', '2023-04-24 13:40:42', 24),
(117, 'incidunt quae optio quam corporis iste deleniti accusantium vero', 'Danika.Dicki@mekhi.biz', 'doloribus esse necessitatibus qui eos et ut est saepe\nsed rerum tempore est ut\nquisquam et eligendi accusantium\ncommodi non doloribus', '2023-04-24 13:40:42', 24),
(118, 'quisquam laborum reiciendis aut', 'Alessandra.Nitzsche@stephania.us', 'repudiandae aliquam maxime cupiditate consequatur id\nquas error repellendus\ntotam officia dolorem beatae natus cum exercitationem\nasperiores dolor ea', '2023-04-24 13:40:42', 24),
(119, 'minus pariatur odit', 'Matteo@marquis.net', 'et omnis consequatur ut\nin suscipit et voluptatem\nanimi at ut\ndolores quos aut numquam esse praesentium aut placeat nam', '2023-04-24 13:40:42', 24),
(120, 'harum error sit', 'Joshua.Spinka@toby.io', 'iusto sint recusandae placeat atque perferendis sit corporis molestiae\nrem dolor eius id delectus et qui\nsed dolorem reiciendis error ullam corporis delectus\nexplicabo mollitia odit laborum sed itaque deserunt rem dolorem', '2023-04-24 13:40:42', 24),
(121, 'deleniti quo corporis ullam magni praesentium molestiae', 'Annabelle@cole.com', 'soluta mollitia impedit cumque nostrum tempore aut placeat repellat\nenim adipisci dolores aut ut ratione laboriosam necessitatibus vel\net blanditiis est iste sapiente qui atque repellendus alias\nearum consequuntur quia quasi quia', '2023-04-24 13:40:42', 25),
(122, 'nihil tempora et reiciendis modi veniam', 'Kacey@jamal.info', 'doloribus veritatis a et quis corrupti incidunt est\nharum maiores impedit et beatae qui velit et aut\nporro sed dignissimos deserunt deleniti\net eveniet voluptas ipsa pariatur rem ducimus', '2023-04-24 13:40:43', 25),
(123, 'ad eos explicabo odio velit', 'Mina@mallie.name', 'nostrum perspiciatis doloribus\nexplicabo soluta id libero illo iste et\nab expedita error aliquam eum sint ipsum\nmodi possimus et', '2023-04-24 13:40:43', 25),
(124, 'nostrum suscipit aut consequatur magnam sunt fuga nihil', 'Hudson.Blick@ruben.biz', 'ut ut eius qui explicabo quis\niste autem nulla beatae tenetur enim\nassumenda explicabo consequatur harum exercitationem\nvelit itaque consectetur et possimus', '2023-04-24 13:40:43', 25),
(125, 'porro et voluptate et reprehenderit', 'Domenic.Durgan@joaquin.name', 'aut voluptas dolore autem\nreprehenderit expedita et nihil pariatur ea animi quo ullam\na ea officiis corporis\neius voluptatum cum mollitia dolore quaerat accusamus', '2023-04-24 13:40:43', 25),
(126, 'fuga tenetur id et qui labore delectus', 'Alexie@alayna.org', 'est qui ut tempore temporibus pariatur provident qui consequuntur\nlaboriosam porro dignissimos quos debitis id laborum et totam\naut eius sequi dolor maiores amet\nrerum voluptatibus quod ratione quos labore fuga sit', '2023-04-24 13:40:43', 26),
(127, 'consequatur harum magnam', 'Haven_Barrows@brant.org', 'omnis consequatur dignissimos iure rerum odio\nculpa laudantium quia voluptas enim est nisi\ndoloremque consequatur autem officiis necessitatibus beatae et\net itaque animi dolor praesentium', '2023-04-24 13:40:43', 26),
(128, 'labore architecto quaerat tempora voluptas consequuntur animi', 'Marianne@maximo.us', 'exercitationem eius aut ullam vero\nimpedit similique maiores ea et in culpa possimus omnis\neos labore autem quam repellendus dolores deserunt voluptatem\nnon ullam eos accusamus', '2023-04-24 13:40:43', 26),
(129, 'deleniti facere tempore et perspiciatis voluptas quis voluptatem', 'Fanny@danial.com', 'fugit minima voluptatem est aut sed explicabo\nharum dolores at qui eaque\nmagni velit ut et\nnam et ut sunt excepturi repellat non commodi', '2023-04-24 13:40:43', 26),
(130, 'quod est non quia doloribus quam deleniti libero', 'Trevion_Kuphal@bernice.name', 'dicta sit culpa molestiae quasi at voluptate eos\ndolorem perferendis accusamus rerum expedita ipsum quis qui\nquos est deserunt\nrerum fuga qui aliquam in consequatur aspernatur', '2023-04-24 13:40:43', 26),
(131, 'voluptas quasi sunt laboriosam', 'Emmet@guy.biz', 'rem magnam at voluptatem\naspernatur et et nostrum rerum\ndignissimos eum quibusdam\noptio quod dolores et', '2023-04-24 13:40:43', 27),
(132, 'unde tenetur vero eum iusto', 'Megane.Fritsch@claude.name', 'ullam harum consequatur est rerum est\nmagni tenetur aperiam et\nrepudiandae et reprehenderit dolorum enim voluptas impedit\neligendi quis necessitatibus in exercitationem voluptatem qui', '2023-04-24 13:40:43', 27),
(133, 'est adipisci laudantium amet rem asperiores', 'Amya@durward.ca', 'sunt quis iure molestias qui ipsa commodi dolore a\nodio qui debitis earum\nunde ut omnis\ndoloremque corrupti at repellendus earum eum', '2023-04-24 13:40:43', 27),
(134, 'reiciendis quo est vitae dignissimos libero ut officiis fugiat', 'Jasen_Rempel@willis.org', 'corrupti perspiciatis eligendi\net omnis tempora nobis dolores hic\ndolorum vitae odit\nreiciendis sunt odit qui', '2023-04-24 13:40:43', 27),
(135, 'inventore fugiat dignissimos', 'Harmony@reggie.com', 'sapiente nostrum dolorem odit a\nsed animi non architecto doloremque unde\nnam aut aut ut facilis\net ut autem fugit minima culpa inventore non', '2023-04-24 13:40:43', 27),
(136, 'et expedita est odit', 'Rosanna_Kunze@guy.net', 'cum natus qui dolorem dolorum nihil ut nam tempore\nmodi nesciunt ipsum hic\nrem sunt possimus earum magnam similique aspernatur sed\ntotam sed voluptatem iusto id iste qui', '2023-04-24 13:40:43', 28),
(137, 'saepe dolore qui tempore nihil perspiciatis omnis omnis magni', 'Ressie.Boehm@flossie.com', 'reiciendis maiores id\nvoluptas sapiente deserunt itaque\nut omnis sunt\nnecessitatibus quibusdam dolorem voluptatem harum error', '2023-04-24 13:40:43', 28),
(138, 'ea optio nesciunt officia velit enim facilis commodi', 'Domenic.Wuckert@jazmyne.us', 'dolorem suscipit adipisci ad cum totam quia fugiat\nvel quia dolores molestiae eos\nomnis officia quidem quaerat alias vel distinctio\nvero provident et corporis a quia ut', '2023-04-24 13:40:43', 28),
(139, 'ut pariatur voluptate possimus quasi', 'Rhett.OKon@brian.info', 'facilis cumque nostrum dignissimos\ndoloremque saepe quia adipisci sunt\ndicta dolorum quo esse\nculpa iste ut asperiores cum aperiam', '2023-04-24 13:40:43', 28),
(140, 'consectetur tempore eum consequuntur', 'Mathias@richmond.info', 'velit ipsa fugiat sit qui vel nesciunt sapiente\nrepudiandae perferendis nemo eos quos perspiciatis aperiam\ndoloremque incidunt nostrum temporibus corrupti repudiandae vitae non corporis\ncupiditate suscipit quod sed numquam excepturi enim labore', '2023-04-24 13:40:43', 28),
(141, 'dignissimos perspiciatis voluptate quos rem qui temporibus excepturi', 'Ottis@lourdes.org', 'et ullam id eligendi rem sit\noccaecati et delectus in nemo\naut veritatis deserunt aspernatur dolor enim voluptas quos consequatur\nmolestiae temporibus error', '2023-04-24 13:40:43', 29),
(142, 'cum dolore sit quisquam provident nostrum vitae', 'Estel@newton.ca', 'cumque voluptas quo eligendi sit\nnemo ut ut dolor et cupiditate aut\net voluptatem quia aut maiores quas accusantium expedita quia\nbeatae aut ad quis soluta id dolorum', '2023-04-24 13:40:43', 29),
(143, 'velit molestiae assumenda perferendis voluptas explicabo', 'Bertha@erik.co.uk', 'est quasi maiores nisi reiciendis enim\ndolores minus facilis laudantium dignissimos\nreiciendis et facere occaecati dolores et\npossimus et vel et aut ipsa ad', '2023-04-24 13:40:43', 29),
(144, 'earum ipsum ea quas qui molestiae omnis unde', 'Joesph@matteo.info', 'voluptatem unde consequatur natus nostrum vel ut\nconsequatur sequi doloremque omnis dolorem maxime\neaque sunt excepturi\nfuga qui illum et accusamus', '2023-04-24 13:40:43', 29),
(145, 'magni iusto sit', 'Alva@cassandre.net', 'assumenda nihil et\nsed nulla tempora porro iste possimus aut sit officia\ncumque totam quis tenetur qui sequi\ndelectus aut sunt', '2023-04-24 13:40:43', 29),
(146, 'est qui debitis', 'Vivienne@willis.org', 'possimus necessitatibus quis\net dicta omnis voluptatem ea est\nsuscipit eum soluta in quia corrupti hic iusto\nconsequatur est aut qui earum nisi officiis sed culpa', '2023-04-24 13:40:43', 30),
(147, 'reiciendis et consectetur officiis beatae corrupti aperiam', 'Angelita@aliza.me', 'nihil aspernatur consequatur voluptatem facere sed fugiat ullam\nbeatae accusamus et fuga maxime vero\nomnis necessitatibus quisquam ipsum consectetur incidunt repellat voluptas\nerror quo et ab magnam quisquam', '2023-04-24 13:40:43', 30),
(148, 'iusto reprehenderit voluptatem modi', 'Timmothy_Okuneva@alyce.tv', 'nemo corporis quidem eius aut dolores\nitaque rerum quo occaecati mollitia incidunt\nautem est saepe nulla nobis a id\ndolore facilis placeat molestias in fugiat aliquam excepturi', '2023-04-24 13:40:43', 30),
(149, 'optio dolorem et reiciendis et recusandae quidem', 'Moriah_Welch@richmond.org', 'veniam est distinctio\nnihil quia eos sed\ndistinctio hic ut sint ducimus debitis dolorem voluptatum assumenda\neveniet ea perspiciatis', '2023-04-24 13:40:43', 30),
(150, 'id saepe numquam est facilis sint enim voluptas voluptatem', 'Ramiro_Kuhn@harmon.biz', 'est non atque eligendi aspernatur quidem earum mollitia\nminima neque nam exercitationem provident eum\nmaxime quo et ut illum sequi aut fuga repudiandae\nsapiente sed ea distinctio molestias illum consequatur libero quidem', '2023-04-24 13:40:43', 30),
(151, 'ut quas facilis laborum voluptatum consequatur odio voluptate et', 'Cary@taurean.biz', 'quos eos sint voluptatibus similique iusto perferendis omnis voluptas\nearum nulla cumque\ndolorem consequatur officiis quis consequatur aspernatur nihil ullam et\nenim enim unde nihil labore non ducimus', '2023-04-24 13:40:43', 31),
(152, 'quod doloremque omnis', 'Tillman_Koelpin@luisa.com', 'itaque veritatis explicabo\nquis voluptatem mollitia soluta id non\ndoloribus nobis fuga provident\nnesciunt saepe molestiae praesentium laboriosam', '2023-04-24 13:40:43', 31),
(153, 'dolorum et dolorem optio in provident', 'Aleen@tania.biz', 'et cumque error pariatur\nquo doloribus corrupti voluptates ad voluptatem consequatur voluptas dolores\npariatur at quas iste repellat et sed quasi\nea maiores rerum aut earum', '2023-04-24 13:40:43', 31),
(154, 'odit illo optio ea modi in', 'Durward@cindy.com', 'quod magni consectetur\nquod doloremque velit autem ipsam nisi praesentium ut\nlaboriosam quod deleniti\npariatur aliquam sint excepturi a consectetur quas eos', '2023-04-24 13:40:43', 31),
(155, 'adipisci laboriosam repudiandae omnis veritatis in facere similique rem', 'Lester@chauncey.ca', 'animi asperiores modi et tenetur vel magni\nid iusto aliquid ad\nnihil dolorem dolorum aut veritatis voluptates\nomnis cupiditate incidunt', '2023-04-24 13:40:43', 31),
(156, 'pariatur omnis in', 'Telly_Lynch@karl.co.uk', 'dolorum voluptas laboriosam quisquam ab\ntotam beatae et aut aliquid optio assumenda\nvoluptas velit itaque quidem voluptatem tempore cupiditate\nin itaque sit molestiae minus dolores magni', '2023-04-24 13:40:43', 32),
(157, 'aut nobis et consequatur', 'Makenzie@libbie.io', 'voluptas quia quo ad\nipsum voluptatum provident ut ipsam velit dignissimos aut assumenda\nut officia laudantium\nquibusdam sed minima', '2023-04-24 13:40:44', 32),
(158, 'explicabo est molestiae aut', 'Amiya@perry.us', 'et qui ad vero quis\nquisquam omnis fuga et vel nihil minima eligendi nostrum\nsed deserunt rem voluptates autem\nquia blanditiis cum sed', '2023-04-24 13:40:44', 32),
(159, 'voluptas blanditiis deserunt quia quis', 'Meghan@akeem.tv', 'deserunt deleniti officiis architecto consequatur molestiae facere dolor\nvoluptatem velit eos fuga dolores\nsit quia est a deleniti hic dolor quisquam repudiandae\nvoluptas numquam voluptatem impedit', '2023-04-24 13:40:44', 32),
(160, 'sint fugit esse', 'Mitchel.Williamson@fletcher.io', 'non reprehenderit aut sed quos est ad voluptatum\nest ut est dignissimos ut dolores consequuntur\ndebitis aspernatur consequatur est\nporro nulla laboriosam repellendus et nesciunt est libero placeat', '2023-04-24 13:40:44', 32),
(161, 'nesciunt quidem veritatis alias odit nisi voluptatem non est', 'Ashlee_Jast@emie.biz', 'sunt totam blanditiis\neum quos fugit et ab rerum nemo\nut iusto architecto\nut et eligendi iure placeat omnis', '2023-04-24 13:40:44', 33),
(162, 'animi vitae qui aut corrupti neque culpa modi', 'Antwan@lori.ca', 'nulla impedit porro in sed\nvoluptatem qui voluptas et enim beatae\nnobis et sit ipsam aut\nvoluptatem voluptatibus blanditiis officia quod eos omnis earum dolorem', '2023-04-24 13:40:44', 33),
(163, 'omnis ducimus ab temporibus nobis porro natus deleniti', 'Estelle@valentina.info', 'molestiae dolorem quae rem neque sapiente voluptatum nesciunt cum\nid rerum at blanditiis est accusantium est\neos illo porro ad\nquod repellendus ad et labore fugit dolorum', '2023-04-24 13:40:44', 33),
(164, 'eius corrupti ea', 'Haylie@gino.name', 'beatae aut ut autem sit officia rerum nostrum\nprovident ratione sed dicta omnis alias commodi rerum expedita\nnon nobis sapiente consectetur odit unde quia\nvoluptas in nihil consequatur doloremque ullam dolorem cum', '2023-04-24 13:40:44', 33),
(165, 'quia commodi molestiae assumenda provident sit incidunt laudantium', 'Blake_Spinka@robyn.info', 'sed praesentium ducimus minima autem corporis debitis\naperiam eum sit pariatur\nimpedit placeat illo odio\nodit accusantium expedita quo rerum magnam', '2023-04-24 13:40:44', 33),
(166, 'sint alias molestiae qui dolor vel', 'Aimee.Bins@braeden.ca', 'nam quas eaque unde\ndolor blanditiis cumque eaque omnis qui\nrerum modi sint quae numquam exercitationem\natque aut praesentium ipsa sit neque qui sint aut', '2023-04-24 13:40:44', 34),
(167, 'ea nam iste est repudiandae', 'Eloy@vladimir.com', 'molestiae voluptatem qui\nid facere nostrum quasi asperiores rerum\nquisquam est repellendus\ndeleniti eos aut sed nemo non', '2023-04-24 13:40:44', 34),
(168, 'quis harum voluptatem et culpa', 'Gabrielle@jada.co.uk', 'cupiditate optio in quidem adipisci sit dolor id\net tenetur quo sit odit\naperiam illum optio magnam qui\nmolestiae eligendi harum optio dolores dolor quaerat nostrum', '2023-04-24 13:40:44', 34),
(169, 'dolor dolore similique tempore ducimus', 'Lee@dawn.net', 'unde non aliquid magni accusantium architecto et\nrerum autem eos explicabo et\nodio facilis sed\nrerum ex esse beatae quia', '2023-04-24 13:40:44', 34),
(170, 'cupiditate labore omnis consequatur', 'Gideon.Hyatt@jalen.tv', 'amet id deserunt ipsam\ncupiditate distinctio nulla voluptatem\ncum possimus voluptate\nipsum quidem laudantium quos nihil', '2023-04-24 13:40:44', 34),
(171, 'voluptatibus qui est et', 'Gerda.Reynolds@ceasar.co.uk', 'sed non beatae placeat qui libero nam eaque qui\nquia ut ad doloremque\nsequi unde quidem adipisci debitis autem velit\narchitecto aperiam eos nihil enim dolores veritatis omnis ex', '2023-04-24 13:40:44', 35),
(172, 'corporis ullam quo', 'Ivah@brianne.net', 'nemo ullam omnis sit\nlabore perferendis et eveniet nostrum\ndignissimos expedita iusto\noccaecati quia sit quibusdam', '2023-04-24 13:40:44', 35),
(173, 'nulla accusamus saepe debitis cum', 'Ethyl_Bogan@candace.co.uk', 'asperiores hic fugiat aut et temporibus mollitia quo quam\ncumque numquam labore qui illum vel provident quod\npariatur natus incidunt\nsunt error voluptatibus vel voluptas maiores est vero possimus', '2023-04-24 13:40:44', 35),
(174, 'iure praesentium ipsam', 'Janelle_Guann@americo.info', 'sit dolores consequatur qui voluptas sunt\nearum at natus alias excepturi dolores\nmaiores pariatur at reiciendis\ndolor esse optio', '2023-04-24 13:40:44', 35),
(175, 'autem totam velit officiis voluptates et ullam rem', 'Alfonzo.Barton@kelley.co.uk', 'culpa non ea\nperspiciatis exercitationem sed natus sit\nenim voluptatum ratione omnis consequuntur provident commodi omnis\nquae odio sit at tempora', '2023-04-24 13:40:44', 35),
(176, 'ipsam deleniti incidunt repudiandae voluptatem maxime provident non dolores', 'Esther@ford.me', 'quam culpa fugiat\nrerum impedit ratione vel ipsam rem\ncommodi qui rem eum\nitaque officiis omnis ad', '2023-04-24 13:40:44', 36),
(177, 'ab cupiditate blanditiis ea sunt', 'Naomie_Cronin@rick.co.uk', 'ut facilis sapiente\nquia repellat autem et aut delectus sint\nautem nulla debitis\nomnis consequuntur neque', '2023-04-24 13:40:44', 36),
(178, 'rerum ex quam enim sunt', 'Darryl@reginald.us', 'sit maxime fugit\nsequi culpa optio consequatur voluptatem dolor expedita\nenim iure eum reprehenderit doloremque aspernatur modi\nvoluptatem culpa nostrum quod atque rerum sint laboriosam et', '2023-04-24 13:40:44', 36),
(179, 'et iure ex rerum qui', 'Thea@aurelio.org', 'non saepe ipsa velit sunt\ntotam ipsum optio voluptatem\nnesciunt qui iste eum\net deleniti ullam', '2023-04-24 13:40:44', 36),
(180, 'autem tempora a iusto eum aut voluptatum', 'Carolyn@eloisa.biz', 'recusandae temporibus nihil non alias consequatur\nlibero voluptatem sed soluta accusamus\na qui reiciendis officiis ad\nquia laborum libero et rerum voluptas sed ut et', '2023-04-24 13:40:44', 36),
(181, 'similique ut et non laboriosam in eligendi et', 'Milan.Schoen@cortney.io', 'dolor iure corrupti\net eligendi nesciunt voluptatum autem\nconsequatur in sapiente\ndolor voluptas dolores natus iusto qui et in perferendis', '2023-04-24 13:40:44', 37),
(182, 'soluta corporis excepturi consequatur perspiciatis quia voluptatem', 'Sabrina@raymond.biz', 'voluptatum voluptatem nisi consequatur et\nomnis nobis odio neque ab enim veniam\nsit qui aperiam odit voluptatem facere\nnesciunt esse nemo', '2023-04-24 13:40:44', 37),
(183, 'praesentium quod quidem optio omnis qui', 'Hildegard@alford.ca', 'tempora soluta voluptas deserunt\nnon fugiat similique\nest natus enim eum error magni soluta\ndolores sit doloremque', '2023-04-24 13:40:44', 37),
(184, 'veritatis velit quasi quo et voluptates dolore', 'Lowell.Pagac@omari.biz', 'odio saepe ad error minima itaque\nomnis fuga corrupti qui eaque cupiditate eum\nvitae laborum rerum ut reprehenderit architecto sit debitis magnam\nqui corrupti cum quidem commodi facere corporis', '2023-04-24 13:40:44', 37),
(185, 'natus assumenda ut', 'Vivianne@ima.us', 'deleniti non et corrupti delectus ea cupiditate\nat nihil fuga rerum\ntemporibus doloribus unde sed alias\nducimus perspiciatis quia debitis fuga', '2023-04-24 13:40:44', 37),
(186, 'voluptas distinctio qui similique quasi voluptatem non sit', 'Yasmin.Prohaska@hanna.co.uk', 'asperiores eaque error sunt ut natus et omnis\nexpedita error iste vitae\nsit alias voluptas voluptatibus quia iusto quia ea\nenim facere est quam ex', '2023-04-24 13:40:44', 38),
(187, 'maiores iste dolor itaque nemo voluptas', 'Ursula.Kirlin@eino.org', 'et enim necessitatibus velit autem magni voluptas\nat maxime error sunt nobis sit\ndolor beatae harum rerum\ntenetur facere pariatur et perferendis voluptas maiores nihil eaque', '2023-04-24 13:40:44', 38),
(188, 'quisquam quod quia nihil animi minima facere odit est', 'Nichole_Bartoletti@mozell.me', 'quam magni adipisci totam\nut reprehenderit ut tempore non asperiores repellendus architecto aperiam\ndignissimos est aut reiciendis consectetur voluptate nihil culpa at\nmolestiae labore qui ea', '2023-04-24 13:40:44', 38);

-- --------------------------------------------------------

--
-- Structure de la table `posts`
--


--
-- Déchargement des données de la table `posts`
--

INSERT INTO `posts` (`id`, `title`, `body`, `created_at`, `userId`, `updated_at`) VALUES
(1, 'sunt aut facere repellat provident occaecati excepturi optio reprehenderit', 'quia et suscipit\nsuscipit recusandae consequuntur expedita et cum\nreprehenderit molestiae ut ut quas totam\nnostrum rerum est autem sunt rem eveniet architecto', '2023-04-29 13:54:30', 1, NULL),
(2, 'qui est esse', 'est rerum tempore vitae\nsequi sint nihil reprehenderit dolor beatae ea dolores neque\nfugiat blanditiis voluptate porro vel nihil molestiae ut reiciendis\nqui aperiam non debitis possimus qui neque nisi nulla', '2023-04-29 13:54:30', 1, NULL),
(3, 'ea molestias quasi exercitationem repellat qui ipsa sit aut', 'et iusto sed quo iure\nvoluptatem occaecati omnis eligendi aut ad\nvoluptatem doloribus vel accusantium quis pariatur\nmolestiae porro eius odio et labore et velit aut', '2023-04-29 13:54:30', 1, NULL),
(4, 'eum et est occaecati', 'ullam et saepe reiciendis voluptatem adipisci\nsit amet autem assumenda provident rerum culpa\nquis hic commodi nesciunt rem tenetur doloremque ipsam iure\nquis sunt voluptatem rerum illo velit', '2023-04-29 13:54:30', 1, NULL),
(5, 'nesciunt quas odio', 'repudiandae veniam quaerat sunt sed\nalias aut fugiat sit autem sed est\nvoluptatem omnis possimus esse voluptatibus quis\nest aut tenetur dolor neque', '2023-04-29 13:54:30', 1, NULL),
(6, 'dolorem eum magni eos aperiam quia', 'ut aspernatur corporis harum nihil quis provident sequi\nmollitia nobis aliquid molestiae\nperspiciatis et ea nemo ab reprehenderit accusantium quas\nvoluptate dolores velit et doloremque molestiae', '2023-04-29 13:54:30', 1, NULL),
(7, 'magnam facilis autem', 'dolore placeat quibusdam ea quo vitae\nmagni quis enim qui quis quo nemo aut saepe\nquidem repellat excepturi ut quia\nsunt ut sequi eos ea sed quas', '2023-04-29 13:54:30', 1, NULL),
(8, 'dolorem dolore est ipsam', 'dignissimos aperiam dolorem qui eum\nfacilis quibusdam animi sint suscipit qui sint possimus cum\nquaerat magni maiores excepturi\nipsam ut commodi dolor voluptatum modi aut vitae', '2023-04-29 13:54:30', 1, NULL),
(9, 'nesciunt iure omnis dolorem tempora et accusantium', 'consectetur animi nesciunt iure dolore\nenim quia ad\nveniam autem ut quam aut nobis\net est aut quod aut provident voluptas autem voluptas', '2023-04-29 13:54:30', 1, NULL),
(10, 'optio molestias id quia eum', 'quo et expedita modi cum officia vel magni\ndoloribus qui repudiandae\nvero nisi sit\nquos veniam quod sed accusamus veritatis error', '2023-04-29 13:54:30', 1, NULL),
(11, 'et ea vero quia laudantium autem', 'delectus reiciendis molestiae occaecati non minima eveniet qui voluptatibus\naccusamus in eum beatae sit\nvel qui neque voluptates ut commodi qui incidunt\nut animi commodi', '2023-04-29 13:54:30', 2, NULL),
(12, 'in quibusdam tempore odit est dolorem', 'itaque id aut magnam\npraesentium quia et ea odit et ea voluptas et\nsapiente quia nihil amet occaecati quia id voluptatem\nincidunt ea est distinctio odio', '2023-04-29 13:54:30', 2, NULL),
(13, 'dolorum ut in voluptas mollitia et saepe quo animi', 'aut dicta possimus sint mollitia voluptas commodi quo doloremque\niste corrupti reiciendis voluptatem eius rerum\nsit cumque quod eligendi laborum minima\nperferendis recusandae assumenda consectetur porro architecto ipsum ipsam', '2023-04-29 13:54:30', 2, NULL),
(14, 'voluptatem eligendi optio', 'fuga et accusamus dolorum perferendis illo voluptas\nnon doloremque neque facere\nad qui dolorum molestiae beatae\nsed aut voluptas totam sit illum', '2023-04-29 13:54:30', 2, NULL),
(15, 'eveniet quod temporibus', 'reprehenderit quos placeat\nvelit minima officia dolores impedit repudiandae molestiae nam\nvoluptas recusandae quis delectus\nofficiis harum fugiat vitae', '2023-04-29 13:54:30', 2, NULL),
(16, 'sint suscipit perspiciatis velit dolorum rerum ipsa laboriosam odio', 'suscipit nam nisi quo aperiam aut\nasperiores eos fugit maiores voluptatibus quia\nvoluptatem quis ullam qui in alias quia est\nconsequatur magni mollitia accusamus ea nisi voluptate dicta', '2023-04-29 13:54:30', 2, NULL),
(17, 'fugit voluptas sed molestias voluptatem provident', 'eos voluptas et aut odit natus earum\naspernatur fuga molestiae ullam\ndeserunt ratione qui eos\nqui nihil ratione nemo velit ut aut id quo', '2023-04-29 13:54:30', 2, NULL),
(18, 'voluptate et itaque vero tempora molestiae', 'eveniet quo quis\nlaborum totam consequatur non dolor\nut et est repudiandae\nest voluptatem vel debitis et magnam', '2023-04-29 13:54:30', 2, NULL),
(19, 'adipisci placeat illum aut reiciendis qui', 'illum quis cupiditate provident sit magnam\nea sed aut omnis\nveniam maiores ullam consequatur atque\nadipisci quo iste expedita sit quos voluptas', '2023-04-29 13:54:30', 2, NULL),
(20, 'doloribus ad provident suscipit at', 'qui consequuntur ducimus possimus quisquam amet similique\nsuscipit porro ipsam amet\neos veritatis officiis exercitationem vel fugit aut necessitatibus totam\nomnis rerum consequatur expedita quidem cumque explicabo', '2023-04-29 13:54:30', 2, NULL),
(21, 'asperiores ea ipsam voluptatibus modi minima quia sint', 'repellat aliquid praesentium dolorem quo\nsed totam minus non itaque\nnihil labore molestiae sunt dolor eveniet hic recusandae veniam\ntempora et tenetur expedita sunt', '2023-04-29 13:54:30', 3, NULL),
(22, 'dolor sint quo a velit explicabo quia nam', 'eos qui et ipsum ipsam suscipit aut\nsed omnis non odio\nexpedita earum mollitia molestiae aut atque rem suscipit\nnam impedit esse', '2023-04-29 13:54:30', 3, NULL),
(23, 'maxime id vitae nihil numquam', 'veritatis unde neque eligendi\nquae quod architecto quo neque vitae\nest illo sit tempora doloremque fugit quod\net et vel beatae sequi ullam sed tenetur perspiciatis', '2023-04-29 13:54:30', 3, NULL),
(24, 'autem hic labore sunt dolores incidunt', 'enim et ex nulla\nomnis voluptas quia qui\nvoluptatem consequatur numquam aliquam sunt\ntotam recusandae id dignissimos aut sed asperiores deserunt', '2023-04-29 13:54:30', 3, NULL),
(25, 'rem alias distinctio quo quis', 'ullam consequatur ut\nomnis quis sit vel consequuntur\nipsa eligendi ipsum molestiae et omnis error nostrum\nmolestiae illo tempore quia et distinctio', '2023-04-29 13:54:30', 3, NULL),
(26, 'est et quae odit qui non', 'similique esse doloribus nihil accusamus\nomnis dolorem fuga consequuntur reprehenderit fugit recusandae temporibus\nperspiciatis cum ut laudantium\nomnis aut molestiae vel vero', '2023-04-29 13:54:30', 3, NULL),
(27, 'quasi id et eos tenetur aut quo autem', 'eum sed dolores ipsam sint possimus debitis occaecati\ndebitis qui qui et\nut placeat enim earum aut odit facilis\nconsequatur suscipit necessitatibus rerum sed inventore temporibus consequatur', '2023-04-29 13:54:30', 3, NULL),
(28, 'delectus ullam et corporis nulla voluptas sequi', 'non et quaerat ex quae ad maiores\nmaiores recusandae totam aut blanditiis mollitia quas illo\nut voluptatibus voluptatem\nsimilique nostrum eum', '2023-04-29 13:54:30', 3, NULL),
(29, 'iusto eius quod necessitatibus culpa ea', 'odit magnam ut saepe sed non qui\ntempora atque nihil\naccusamus illum doloribus illo dolor\neligendi repudiandae odit magni similique sed cum maiores', '2023-04-29 13:54:30', 3, NULL),
(30, 'a quo magni similique perferendis', 'alias dolor cumque\nimpedit blanditiis non eveniet odio maxime\nblanditiis amet eius quis tempora quia autem rem\na provident perspiciatis quia', '2023-04-29 13:54:30', 3, NULL),
(31, 'ullam ut quidem id aut vel consequuntur', 'debitis eius sed quibusdam non quis consectetur vitae\nimpedit ut qui consequatur sed aut in\nquidem sit nostrum et maiores adipisci atque\nquaerat voluptatem adipisci repudiandae', '2023-04-29 13:54:30', 4, NULL),
(32, 'doloremque illum aliquid sunt', 'deserunt eos nobis asperiores et hic\nest debitis repellat molestiae optio\nnihil ratione ut eos beatae quibusdam distinctio maiores\nearum voluptates et aut adipisci ea maiores voluptas maxime', '2023-04-29 13:54:30', 4, NULL),
(33, 'qui explicabo molestiae dolorem', 'rerum ut et numquam laborum odit est sit\nid qui sint in\nquasi tenetur tempore aperiam et quaerat qui in\nrerum officiis sequi cumque quod', '2023-04-29 13:54:30', 4, NULL),
(34, 'magnam ut rerum iure', 'ea velit perferendis earum ut voluptatem voluptate itaque iusto\ntotam pariatur in\nnemo voluptatem voluptatem autem magni tempora minima in\nest distinctio qui assumenda accusamus dignissimos officia nesciunt nobis', '2023-04-29 13:54:30', 4, NULL),
(35, 'id nihil consequatur molestias animi provident', 'nisi error delectus possimus ut eligendi vitae\nplaceat eos harum cupiditate facilis reprehenderit voluptatem beatae\nmodi ducimus quo illum voluptas eligendi\net nobis quia fugit', '2023-04-29 13:54:30', 4, NULL),
(36, 'fuga nam accusamus voluptas reiciendis itaque', 'ad mollitia et omnis minus architecto odit\nvoluptas doloremque maxime aut non ipsa qui alias veniam\nblanditiis culpa aut quia nihil cumque facere et occaecati\nqui aspernatur quia eaque ut aperiam inventore', '2023-04-29 13:54:30', 4, NULL),
(37, 'provident vel ut sit ratione est', 'debitis et eaque non officia sed nesciunt pariatur vel\nvoluptatem iste vero et ea\nnumquam aut expedita ipsum nulla in\nvoluptates omnis consequatur aut enim officiis in quam qui', '2023-04-29 13:54:30', 4, NULL),
(38, 'explicabo et eos deleniti nostrum ab id repellendus', 'animi esse sit aut sit nesciunt assumenda eum voluptas\nquia voluptatibus provident quia necessitatibus ea\nrerum repudiandae quia voluptatem delectus fugit aut id quia\nratione optio eos iusto veniam iure', '2023-04-29 13:54:30', 4, NULL),
(39, 'eos dolorem iste accusantium est eaque quam', 'corporis rerum ducimus vel eum accusantium\nmaxime aspernatur a porro possimus iste omnis\nest in deleniti asperiores fuga aut\nvoluptas sapiente vel dolore minus voluptatem incidunt ex', '2023-04-29 13:54:30', 4, NULL),
(40, 'enim quo cumque', 'ut voluptatum aliquid illo tenetur nemo sequi quo facilis\nipsum rem optio mollitia quas\nvoluptatem eum voluptas qui\nunde omnis voluptatem iure quasi maxime voluptas nam', '2023-04-29 13:54:30', 4, NULL),
(41, 'non est facere', 'molestias id nostrum\nexcepturi molestiae dolore omnis repellendus quaerat saepe\nconsectetur iste quaerat tenetur asperiores accusamus ex ut\nnam quidem est ducimus sunt debitis saepe', '2023-04-29 13:54:30', 5, NULL),
(42, 'commodi ullam sint et excepturi error explicabo praesentium voluptas', 'odio fugit voluptatum ducimus earum autem est incidunt voluptatem\nodit reiciendis aliquam sunt sequi nulla dolorem\nnon facere repellendus voluptates quia\nratione harum vitae ut', '2023-04-29 13:54:30', 5, NULL),
(43, 'eligendi iste nostrum consequuntur adipisci praesentium sit beatae perferendis', 'similique fugit est\nillum et dolorum harum et voluptate eaque quidem\nexercitationem quos nam commodi possimus cum odio nihil nulla\ndolorum exercitationem magnam ex et a et distinctio debitis', '2023-04-29 13:54:30', 5, NULL),
(44, 'optio dolor molestias sit', 'temporibus est consectetur dolore\net libero debitis vel velit laboriosam quia\nipsum quibusdam qui itaque fuga rem aut\nea et iure quam sed maxime ut distinctio quae', '2023-04-29 13:54:30', 5, NULL),
(45, 'ut numquam possimus omnis eius suscipit laudantium iure', 'est natus reiciendis nihil possimus aut provident\nex et dolor\nrepellat pariatur est\nnobis rerum repellendus dolorem autem', '2023-04-29 13:54:30', 5, NULL),
(46, 'aut quo modi neque nostrum ducimus', 'voluptatem quisquam iste\nvoluptatibus natus officiis facilis dolorem\nquis quas ipsam\nvel et voluptatum in aliquid', '2023-04-29 13:54:30', 5, NULL),
(47, 'quibusdam cumque rem aut deserunt', 'voluptatem assumenda ut qui ut cupiditate aut impedit veniam\noccaecati nemo illum voluptatem laudantium\nmolestiae beatae rerum ea iure soluta nostrum\neligendi et voluptate', '2023-04-29 13:54:30', 5, NULL),
(48, 'ut voluptatem illum ea doloribus itaque eos', 'voluptates quo voluptatem facilis iure occaecati\nvel assumenda rerum officia et\nillum perspiciatis ab deleniti\nlaudantium repellat ad ut et autem reprehenderit', '2023-04-29 13:54:30', 5, NULL),
(49, 'laborum non sunt aut ut assumenda perspiciatis voluptas', 'inventore ab sint\nnatus fugit id nulla sequi architecto nihil quaerat\neos tenetur in in eum veritatis non\nquibusdam officiis aspernatur cumque aut commodi aut', '2023-04-29 13:54:30', 5, NULL),
(50, 'repellendus qui recusandae incidunt voluptates tenetur qui omnis exercitationem', 'error suscipit maxime adipisci consequuntur recusandae\nvoluptas eligendi et est et voluptates\nquia distinctio ab amet quaerat molestiae et vitae\nadipisci impedit sequi nesciunt quis consectetur', '2023-04-29 13:54:30', 5, NULL),
(51, 'soluta aliquam aperiam consequatur illo quis voluptas', 'sunt dolores aut doloribus\ndolore doloribus voluptates tempora et\ndoloremque et quo\ncum asperiores sit consectetur dolorem', '2023-04-29 13:54:30', 6, NULL),
(52, 'qui enim et consequuntur quia animi quis voluptate quibusdam', 'iusto est quibusdam fuga quas quaerat molestias\na enim ut sit accusamus enim\ntemporibus iusto accusantium provident architecto\nsoluta esse reprehenderit qui laborum', '2023-04-29 13:54:30', 6, NULL),
(53, 'ut quo aut ducimus alias', 'minima harum praesentium eum rerum illo dolore\nquasi exercitationem rerum nam\nporro quis neque quo\nconsequatur minus dolor quidem veritatis sunt non explicabo similique', '2023-04-29 13:54:30', 6, NULL),
(54, 'sit asperiores ipsam eveniet odio non quia', 'totam corporis dignissimos\nvitae dolorem ut occaecati accusamus\nex velit deserunt\net exercitationem vero incidunt corrupti mollitia', '2023-04-29 13:54:30', 6, NULL),
(55, 'sit vel voluptatem et non libero', 'debitis excepturi ea perferendis harum libero optio\neos accusamus cum fuga ut sapiente repudiandae\net ut incidunt omnis molestiae\nnihil ut eum odit', '2023-04-29 13:54:30', 6, NULL),
(56, 'qui et at rerum necessitatibus', 'aut est omnis dolores\nneque rerum quod ea rerum velit pariatur beatae excepturi\net provident voluptas corrupti\ncorporis harum reprehenderit dolores eligendi', '2023-04-29 13:54:30', 6, NULL),
(57, 'sed ab est est', 'at pariatur consequuntur earum quidem\nquo est laudantium soluta voluptatem\nqui ullam et est\net cum voluptas voluptatum repellat est', '2023-04-29 13:54:30', 6, NULL),
(58, 'voluptatum itaque dolores nisi et quasi', 'veniam voluptatum quae adipisci id\net id quia eos ad et dolorem\naliquam quo nisi sunt eos impedit error\nad similique veniam', '2023-04-29 13:54:30', 6, NULL),
(59, 'qui commodi dolor at maiores et quis id accusantium', 'perspiciatis et quam ea autem temporibus non voluptatibus qui\nbeatae a earum officia nesciunt dolores suscipit voluptas et\nanimi doloribus cum rerum quas et magni\net hic ut ut commodi expedita sunt', '2023-04-29 13:54:30', 6, NULL),
(60, 'consequatur placeat omnis quisquam quia reprehenderit fugit veritatis facere', 'asperiores sunt ab assumenda cumque modi velit\nqui esse omnis\nvoluptate et fuga perferendis voluptas\nillo ratione amet aut et omnis', '2023-04-29 13:54:30', 6, NULL),
(61, 'voluptatem doloribus consectetur est ut ducimus', 'ab nemo optio odio\ndelectus tenetur corporis similique nobis repellendus rerum omnis facilis\nvero blanditiis debitis in nesciunt doloribus dicta dolores\nmagnam minus velit', '2023-04-29 13:54:30', 7, NULL),
(62, 'beatae enim quia vel', 'enim aspernatur illo distinctio quae praesentium\nbeatae alias amet delectus qui voluptate distinctio\nodit sint accusantium autem omnis\nquo molestiae omnis ea eveniet optio', '2023-04-29 13:54:30', 7, NULL),
(63, 'voluptas blanditiis repellendus animi ducimus error sapiente et suscipit', 'enim adipisci aspernatur nemo\nnumquam omnis facere dolorem dolor ex quis temporibus incidunt\nab delectus culpa quo reprehenderit blanditiis asperiores\naccusantium ut quam in voluptatibus voluptas ipsam dicta', '2023-04-29 13:54:30', 7, NULL),
(64, 'et fugit quas eum in in aperiam quod', 'id velit blanditiis\neum ea voluptatem\nmolestiae sint occaecati est eos perspiciatis\nincidunt a error provident eaque aut aut qui', '2023-04-29 13:54:30', 7, NULL),
(65, 'consequatur id enim sunt et et', 'voluptatibus ex esse\nsint explicabo est aliquid cumque adipisci fuga repellat labore\nmolestiae corrupti ex saepe at asperiores et perferendis\nnatus id esse incidunt pariatur', '2023-04-29 13:54:30', 7, NULL),
(66, 'repudiandae ea animi iusto', 'officia veritatis tenetur vero qui itaque\nsint non ratione\nsed et ut asperiores iusto eos molestiae nostrum\nveritatis quibusdam et nemo iusto saepe', '2023-04-29 13:54:30', 7, NULL),
(67, 'aliquid eos sed fuga est maxime repellendus', 'reprehenderit id nostrum\nvoluptas doloremque pariatur sint et accusantium quia quod aspernatur\net fugiat amet\nnon sapiente et consequatur necessitatibus molestiae', '2023-04-29 13:54:30', 7, NULL),
(68, 'odio quis facere architecto reiciendis optio', 'magnam molestiae perferendis quisquam\nqui cum reiciendis\nquaerat animi amet hic inventore\nea quia deleniti quidem saepe porro velit', '2023-04-29 13:54:30', 7, NULL),
(69, 'fugiat quod pariatur odit minima', 'officiis error culpa consequatur modi asperiores et\ndolorum assumenda voluptas et vel qui aut vel rerum\nvoluptatum quisquam perspiciatis quia rerum consequatur totam quas\nsequi commodi repudiandae asperiores et saepe a', '2023-04-29 13:54:30', 7, NULL),
(70, 'voluptatem laborum magni', 'sunt repellendus quae\nest asperiores aut deleniti esse accusamus repellendus quia aut\nquia dolorem unde\neum tempora esse dolore', '2023-04-29 13:54:30', 7, NULL),
(71, 'et iusto veniam et illum aut fuga', 'occaecati a doloribus\niste saepe consectetur placeat eum voluptate dolorem et\nqui quo quia voluptas\nrerum ut id enim velit est perferendis', '2023-04-29 13:54:30', 8, NULL),
(72, 'sint hic doloribus consequatur eos non id', 'quam occaecati qui deleniti consectetur\nconsequatur aut facere quas exercitationem aliquam hic voluptas\nneque id sunt ut aut accusamus\nsunt consectetur expedita inventore velit', '2023-04-29 13:54:30', 8, NULL),
(73, 'consequuntur deleniti eos quia temporibus ab aliquid at', 'voluptatem cumque tenetur consequatur expedita ipsum nemo quia explicabo\naut eum minima consequatur\ntempore cumque quae est et\net in consequuntur voluptatem voluptates aut', '2023-04-29 13:54:30', 8, NULL),
(74, 'enim unde ratione doloribus quas enim ut sit sapiente', 'odit qui et et necessitatibus sint veniam\nmollitia amet doloremque molestiae commodi similique magnam et quam\nblanditiis est itaque\nquo et tenetur ratione occaecati molestiae tempora', '2023-04-29 13:54:30', 8, NULL),
(75, 'dignissimos eum dolor ut enim et delectus in', 'commodi non non omnis et voluptas sit\nautem aut nobis magnam et sapiente voluptatem\net laborum repellat qui delectus facilis temporibus\nrerum amet et nemo voluptate expedita adipisci error dolorem', '2023-04-29 13:54:30', 8, NULL),
(76, 'doloremque officiis ad et non perferendis', 'ut animi facere\ntotam iusto tempore\nmolestiae eum aut et dolorem aperiam\nquaerat recusandae totam odio', '2023-04-29 13:54:30', 8, NULL),
(77, 'necessitatibus quasi exercitationem odio', 'modi ut in nulla repudiandae dolorum nostrum eos\naut consequatur omnis\nut incidunt est omnis iste et quam\nvoluptates sapiente aliquam asperiores nobis amet corrupti repudiandae provident', '2023-04-29 13:54:30', 8, NULL),
(78, 'quam voluptatibus rerum veritatis', 'nobis facilis odit tempore cupiditate quia\nassumenda doloribus rerum qui ea\nillum et qui totam\naut veniam repellendus', '2023-04-29 13:54:30', 8, NULL),
(79, 'pariatur consequatur quia magnam autem omnis non amet', 'libero accusantium et et facere incidunt sit dolorem\nnon excepturi qui quia sed laudantium\nquisquam molestiae ducimus est\nofficiis esse molestiae iste et quos', '2023-04-29 13:54:30', 8, NULL),
(80, 'labore in ex et explicabo corporis aut quas', 'ex quod dolorem ea eum iure qui provident amet\nquia qui facere excepturi et repudiandae\nasperiores molestias provident\nminus incidunt vero fugit rerum sint sunt excepturi provident', '2023-04-29 13:54:30', 8, NULL),
(81, 'tempora rem veritatis voluptas quo dolores vero', 'facere qui nesciunt est voluptatum voluptatem nisi\nsequi eligendi necessitatibus ea at rerum itaque\nharum non ratione velit laboriosam quis consequuntur\nex officiis minima doloremque voluptas ut aut', '2023-04-29 13:54:30', 9, NULL),
(82, 'laudantium voluptate suscipit sunt enim enim', 'ut libero sit aut totam inventore sunt\nporro sint qui sunt molestiae\nconsequatur cupiditate qui iste ducimus adipisci\ndolor enim assumenda soluta laboriosam amet iste delectus hic', '2023-04-29 13:54:30', 9, NULL),
(83, 'odit et voluptates doloribus alias odio et', 'est molestiae facilis quis tempora numquam nihil qui\nvoluptate sapiente consequatur est qui\nnecessitatibus autem aut ipsa aperiam modi dolore numquam\nreprehenderit eius rem quibusdam', '2023-04-29 13:54:30', 9, NULL),
(84, 'optio ipsam molestias necessitatibus occaecati facilis veritatis dolores aut', 'sint molestiae magni a et quos\neaque et quasi\nut rerum debitis similique veniam\nrecusandae dignissimos dolor incidunt consequatur odio', '2023-04-29 13:54:30', 9, NULL),
(85, 'dolore veritatis porro provident adipisci blanditiis et sunt', 'similique sed nisi voluptas iusto omnis\nmollitia et quo\nassumenda suscipit officia magnam sint sed tempora\nenim provident pariatur praesentium atque animi amet ratione', '2023-04-29 13:54:30', 9, NULL),
(86, 'placeat quia et porro iste', 'quasi excepturi consequatur iste autem temporibus sed molestiae beatae\net quaerat et esse ut\nvoluptatem occaecati et vel explicabo autem\nasperiores pariatur deserunt optio', '2023-04-29 13:54:30', 9, NULL),
(87, 'nostrum quis quasi placeat', 'eos et molestiae\nnesciunt ut a\ndolores perspiciatis repellendus repellat aliquid\nmagnam sint rem ipsum est', '2023-04-29 13:54:30', 9, NULL),
(88, 'sapiente omnis fugit eos', 'consequatur omnis est praesentium\nducimus non iste\nneque hic deserunt\nvoluptatibus veniam cum et rerum sed', '2023-04-29 13:54:30', 9, NULL),
(89, 'sint soluta et vel magnam aut ut sed qui', 'repellat aut aperiam totam temporibus autem et\narchitecto magnam ut\nconsequatur qui cupiditate rerum quia soluta dignissimos nihil iure\ntempore quas est', '2023-04-29 13:54:30', 9, NULL),
(90, 'ad iusto omnis odit dolor voluptatibus', 'minus omnis soluta quia\nqui sed adipisci voluptates illum ipsam voluptatem\neligendi officia ut in\neos soluta similique molestias praesentium blanditiis', '2023-04-29 13:54:30', 9, NULL),
(91, 'aut amet sed', 'libero voluptate eveniet aperiam sed\nsunt placeat suscipit molestias\nsimilique fugit nam natus\nexpedita consequatur consequatur dolores quia eos et placeat', '2023-04-29 13:54:30', 10, NULL),
(92, 'ratione ex tenetur perferendis', 'aut et excepturi dicta laudantium sint rerum nihil\nlaudantium et at\na neque minima officia et similique libero et\ncommodi voluptate qui', '2023-04-29 13:54:30', 10, NULL),
(93, 'beatae soluta recusandae', 'dolorem quibusdam ducimus consequuntur dicta aut quo laboriosam\nvoluptatem quis enim recusandae ut sed sunt\nnostrum est odit totam\nsit error sed sunt eveniet provident qui nulla', '2023-04-29 13:54:30', 10, NULL),
(94, 'qui qui voluptates illo iste minima', 'aspernatur expedita soluta quo ab ut similique\nexpedita dolores amet\nsed temporibus distinctio magnam saepe deleniti\nomnis facilis nam ipsum natus sint similique omnis', '2023-04-29 13:54:30', 10, NULL),
(95, 'id minus libero illum nam ad officiis', 'earum voluptatem facere provident blanditiis velit laboriosam\npariatur accusamus odio saepe\ncumque dolor qui a dicta ab doloribus consequatur omnis\ncorporis cupiditate eaque assumenda ad nesciunt', '2023-04-29 13:54:30', 10, NULL),
(96, 'quaerat velit veniam amet cupiditate aut numquam ut sequi', 'in non odio excepturi sint eum\nlabore voluptates vitae quia qui et\ninventore itaque rerum\nveniam non exercitationem delectus aut', '2023-04-29 13:54:30', 10, NULL),
(97, 'quas fugiat ut perspiciatis vero provident', 'eum non blanditiis soluta porro quibusdam voluptas\nvel voluptatem qui placeat dolores qui velit aut\nvel inventore aut cumque culpa explicabo aliquid at\nperspiciatis est et voluptatem dignissimos dolor itaque sit nam', '2023-04-29 13:54:30', 10, NULL),
(98, 'laboriosam dolor voluptates', 'doloremque ex facilis sit sint culpa\nsoluta assumenda eligendi non ut eius\nsequi ducimus vel quasi\nveritatis est dolores', '2023-04-29 13:54:30', 10, NULL),
(99, 'temporibus sit alias delectus eligendi possimus magni', 'quo deleniti praesentium dicta non quod\naut est molestias\nmolestias et officia quis nihil\nitaque dolorem quia', '2023-04-29 13:54:30', 10, NULL),
(100, 'at nam consequatur ea labore ea harum', 'cupiditate quo est a modi nesciunt soluta\nipsa voluptas error itaque dicta in\nautem qui minus magnam et distinctio eum\naccusamus ratione error aut', '2023-04-29 13:54:30', 10, NULL),
(101, 'sfhdgjhfgj ', 'dfhd ghjdgjfgj fgj ', '2023-04-29 23:35:31', 1, NULL),
(102, 'sfhdgjhfgj ', 'dfhd ghjdgjfgj fgj ', '2023-04-29 23:35:36', 1, NULL),
(103, 'test 2', 'dqpublic function savePostAction()\r\n{\r\n    // Vérifier si le formulaire a été soumis\r\n    if (empty($_POST[\'title\']) || empty($_POST[\'body\'])) {\r\n      header(\'Location: \' . BASE_URL . \'/\');\r\n      exit;\r\n    }\r\n\r\n    // Récupérer les données du formulaire\r\n    $title = $_POST[\'title\'];\r\n    $body = $_POST[\'body\'];\r\n    $userId = $_SESSION[\'user_id\'];\r\n\r\n    // Créer un nouvel objet Post avec la date de création\r\n    $created_at = date(\'Y-m-d H:i:s\');\r\n    $post = new Post($title, $body, $userId, null, $created_at);\r\n\r\n    // Sauvegarder le nouvel objet Post dans la base de données\r\n    $post->save();\r\n\r\n    // Rediriger vers la liste des articles\r\n    header(\'Location: \' . BASE_URL . \'/admin/posts\');\r\n    exit;\r\n}', '2023-04-29 23:36:19', 1, NULL);

-- --------------------------------------------------------

--
-- Structure de la table `user`
--



--
-- Déchargement des données de la table `user`
--

INSERT INTO `user` (`id`, `name`, `username`, `email`, `password_hash`, `role`) VALUES
(1, 'Jhon Doe', 'jhon', 'bilelzara@gmail.com', '$2y$10$ZV0DcWPRnJ.7wCxbF3uRuu98FaGP/s10itB9HGqO.d.0.o2Bwu6jG', 'admin'),
(2, 'Ervin Howell', 'Antonette', 'Shanna@melissa.tv', '$2y$10$lGOHQIVPXoM7h6dMJdynqO7.qfFLtLXaFjeAR/RZ5X.tzepzlnrIO', 'user'),
(3, 'Clementine Bauch', 'Samantha', 'Nathan@yesenia.net', '$2y$10$P2566T/xFViID8InF9AqseQCPFh46G7FHb438YqCRYrnUGuggPJ9q', 'user'),
(4, 'Patricia Lebsack', 'Karianne', 'Julianne.OConner@kory.org', '$2y$10$6xQfxzdXwFd6oFE.y10KGeiYwqMGZboBz0ktWlSugS3bxDJyxlaia', 'user'),
(5, 'Chelsey Dietrich', 'Kamren', 'Lucio_Hettinger@annie.ca', '$2y$10$PBjFLQKlR811I0zN9zjmNuhyXuWPYkXCVjOp3xuYlEjatt6lq6Ye.', 'user'),
(6, 'Mrs. Dennis Schulist', 'Leopoldo_Corkery', 'Karley_Dach@jasper.info', '$2y$10$QMtDbxHE.A1geLTnWr08Fe1FWtYrQrX5wqQZkIVmRdO/9lE/Xmemm', 'user'),
(7, 'Kurtis Weissnat', 'Elwyn.Skiles', 'Telly.Hoeger@billy.biz', '$2y$10$k1r223tnU18mJtJHJ1IFFutTkHlwvoXiUohs.QvipWh95RQvTSJBa', 'user'),
(8, 'Nicholas Runolfsdottir V', 'Maxime_Nienow', 'Sherwood@rosamond.me', '$2y$10$YiIDGZWiSAJEAvd.dHpAP.RsejaHobG9uGY3pMB5JLH.uR6.3RB5O', 'user'),
(9, 'Glenna Reichert', 'Delphine', 'Chaim_McDermott@dana.io', '$2y$10$8yfviMoR9dWtNJlT7VkpLO9SHKHoKJMVji1iJnLNtg9Gk9TtdKtle', 'user'),
(10, 'Clementina DuBuque', 'Moriah.Stanton', 'Rey.Padberg@karina.biz', '$2y$10$fbGJLyCP0ShliB7g./6LQeTJsv1Dn3/4RGRWCOVMKjALP4k4YC.iu', 'user');

--
-- Index pour les tables déchargées
--

--
-- Index pour la table `comments`
--
ALTER TABLE `comments`
  ADD PRIMARY KEY (`id`),
  ADD KEY `postId` (`postId`);

--
-- Index pour la table `posts`
--
ALTER TABLE `posts`
  ADD PRIMARY KEY (`id`),
  ADD KEY `userId` (`userId`);

--
-- Index pour la table `user`
--
ALTER TABLE `user`
  ADD PRIMARY KEY (`id`);

--
-- AUTO_INCREMENT pour les tables déchargées
--

--
-- AUTO_INCREMENT pour la table `comments`
--
ALTER TABLE `comments`
  MODIFY `id` int(11) NOT NULL AUTO_INCREMENT, AUTO_INCREMENT=189;

--
-- AUTO_INCREMENT pour la table `posts`
--
ALTER TABLE `posts`
  MODIFY `id` int(11) NOT NULL AUTO_INCREMENT, AUTO_INCREMENT=104;

--
-- AUTO_INCREMENT pour la table `user`
--
ALTER TABLE `user`
  MODIFY `id` int(11) NOT NULL AUTO_INCREMENT, AUTO_INCREMENT=11;

--
-- Contraintes pour les tables déchargées
--

--
-- Contraintes pour la table `comments`
--
ALTER TABLE `comments`
  ADD CONSTRAINT `comments_ibfk_1` FOREIGN KEY (`postId`) REFERENCES `posts` (`id`);

--
-- Contraintes pour la table `posts`
--
ALTER TABLE `posts`
  ADD CONSTRAINT `posts_ibfk_1` FOREIGN KEY (`userId`) REFERENCES `user` (`id`);
COMMIT;

/*!40101 SET CHARACTER_SET_CLIENT=@OLD_CHARACTER_SET_CLIENT */;
/*!40101 SET CHARACTER_SET_RESULTS=@OLD_CHARACTER_SET_RESULTS */;
/*!40101 SET COLLATION_CONNECTION=@OLD_COLLATION_CONNECTION */;
